Epoch: 1, Batch: 1, Loss: 0.7716, Elapsed: 7m9s
Epoch: 1, Batch: 2, Loss: 0.7396, Elapsed: 5m31s
Epoch: 1, Batch: 3, Loss: 0.7407, Elapsed: 3m13s
Epoch: 1, Batch: 4, Loss: 0.7519, Elapsed: 5m11s
Epoch: 1, Batch: 5, Loss: 0.7876, Elapsed: 4m37s
Epoch: 1, Batch: 6, Loss: 0.7802, Elapsed: 4m55s
Epoch: 1, Batch: 7, Loss: 0.8148, Elapsed: 6m6s
Epoch: 1, Batch: 8, Loss: 0.7889, Elapsed: 10m35s
Epoch: 1, Batch: 9, Loss: 0.7224, Elapsed: 6m1s
Epoch: 1, Batch: 10, Loss: 0.7924, Elapsed: 4m20s
Epoch: 1, Batch: 11, Loss: 0.7488, Elapsed: 6m1s
Epoch: 1, Batch: 12, Loss: 0.7210, Elapsed: 4m26s
Epoch: 1, Batch: 13, Loss: 0.7802, Elapsed: 8m12s
Epoch: 1, Batch: 14, Loss: 0.6997, Elapsed: 3m46s
Epoch: 1, Batch: 15, Loss: 0.7260, Elapsed: 4m20s
Epoch: 1, Batch: 16, Loss: 0.7265, Elapsed: 5m6s
Epoch: 1, Batch: 17, Loss: 0.7300, Elapsed: 3m25s
Epoch: 1, Batch: 18, Loss: 0.7112, Elapsed: 5m53s
Epoch: 1, Batch: 19, Loss: 0.6935, Elapsed: 4m29s
Epoch: 1, Batch: 20, Loss: 0.7127, Elapsed: 4m22s
Epoch: 1, Batch: 21, Loss: 0.7112, Elapsed: 8m59s
Epoch: 1, Batch: 22, Loss: 0.7502, Elapsed: 5m56s
Epoch: 1, Batch: 23, Loss: 0.7168, Elapsed: 6m36s
Epoch: 1, Batch: 24, Loss: 0.7074, Elapsed: 5m37s
Epoch: 1, Batch: 25, Loss: 0.7033, Elapsed: 6m44s
Epoch: 1, Batch: 26, Loss: 0.7191, Elapsed: 8m47s
Epoch: 1, Batch: 27, Loss: 0.6894, Elapsed: 5m7s
Epoch: 1, Batch: 28, Loss: 0.7199, Elapsed: 6m33s
Epoch: 1, Batch: 29, Loss: 0.7053, Elapsed: 6m37s
Epoch: 1, Batch: 30, Loss: 0.6795, Elapsed: 3m43s
Epoch: 1, Batch: 31, Loss: 0.6902, Elapsed: 4m29s
Epoch: 1, Batch: 32, Loss: 0.7199, Elapsed: 4m27s
Epoch: 1, Batch: 33, Loss: 0.7055, Elapsed: 6m3s
Epoch: 1, Batch: 34, Loss: 0.6741, Elapsed: 6m0s
Epoch: 1, Batch: 35, Loss: 0.7045, Elapsed: 10m15s
Epoch: 1, Batch: 36, Loss: 0.7036, Elapsed: 7m6s
Epoch: 1, Batch: 37, Loss: 0.7045, Elapsed: 5m58s
Epoch: 1, Batch: 38, Loss: 0.7024, Elapsed: 5m31s
Epoch: 1, Batch: 39, Loss: 0.6901, Elapsed: 9m23s
Epoch: 1, Batch: 40, Loss: 0.6833, Elapsed: 4m46s
Epoch: 1, Batch: 41, Loss: 0.6807, Elapsed: 4m13s
Epoch: 1, Batch: 42, Loss: 0.6793, Elapsed: 5m57s
Epoch: 1, Batch: 43, Loss: 0.7075, Elapsed: 8m36s
Epoch: 1, Batch: 44, Loss: 0.6705, Elapsed: 7m13s
Epoch: 1, Batch: 45, Loss: 0.6921, Elapsed: 12m42s
Epoch: 1, Batch: 46, Loss: 0.6761, Elapsed: 10m11s
Epoch: 1, Batch: 47, Loss: 0.6794, Elapsed: 5m23s
Epoch: 1, Batch: 48, Loss: 0.6841, Elapsed: 10m59s
Epoch: 1, Batch: 49, Loss: 0.6947, Elapsed: 8m54s
Epoch: 1, Batch: 50, Loss: 0.6749, Elapsed: 5m10s
Epoch: 1, Batch: 51, Loss: 0.6833, Elapsed: 4m26s
Epoch: 1, Batch: 52, Loss: 0.6940, Elapsed: 5m17s
Epoch: 1, Batch: 53, Loss: 0.6840, Elapsed: 3m35s
Epoch: 1, Batch: 54, Loss: 0.6803, Elapsed: 4m49s
Epoch: 1, Batch: 55, Loss: 0.6900, Elapsed: 7m58s
Epoch: 1, Batch: 56, Loss: 0.6847, Elapsed: 6m0s
Epoch: 1, Batch: 57, Loss: 0.6858, Elapsed: 5m31s
Epoch: 1, Batch: 58, Loss: 0.6802, Elapsed: 5m2s
Epoch: 1, Batch: 59, Loss: 0.6799, Elapsed: 5m18s
Epoch: 1, Batch: 60, Loss: 0.6646, Elapsed: 3m19s
Epoch: 1, Batch: 61, Loss: 0.6881, Elapsed: 7m19s
Epoch: 1, Batch: 62, Loss: 0.6718, Elapsed: 7m30s
Epoch: 1, Batch: 63, Loss: 0.6865, Elapsed: 7m16s
Epoch: 1, Batch: 64, Loss: 0.6752, Elapsed: 7m28s
Epoch: 1, Batch: 65, Loss: 0.6849, Elapsed: 7m53s
Epoch: 1, Batch: 66, Loss: 0.6673, Elapsed: 5m40s
Epoch: 1, Batch: 67, Loss: 0.6795, Elapsed: 5m10s
Epoch: 1, Batch: 68, Loss: 0.6493, Elapsed: 5m13s
Epoch: 1, Batch: 69, Loss: 0.6898, Elapsed: 7m59s
Epoch: 1, Batch: 70, Loss: 0.6688, Elapsed: 7m45s
Epoch: 1, Batch: 71, Loss: 0.6804, Elapsed: 9m48s
Epoch: 1, Batch: 72, Loss: 0.6760, Elapsed: 6m2s
Epoch: 1, Batch: 73, Loss: 0.6857, Elapsed: 6m50s
Epoch: 1, Batch: 74, Loss: 0.6741, Elapsed: 8m1s
Epoch: 1, Batch: 75, Loss: 0.6623, Elapsed: 5m32s
Epoch: 1, Batch: 76, Loss: 0.6703, Elapsed: 11m57s
Epoch: 1, Batch: 77, Loss: 0.6760, Elapsed: 5m51s
Epoch: 1, Batch: 78, Loss: 0.6509, Elapsed: 6m8s
Epoch: 1, Batch: 79, Loss: 0.6582, Elapsed: 10m49s
Epoch: 1, Batch: 80, Loss: 0.6922, Elapsed: 4m21s
Epoch: 1, Batch: 81, Loss: 0.6597, Elapsed: 6m8s
Epoch: 1, Batch: 82, Loss: 0.6849, Elapsed: 5m35s
Epoch: 1, Batch: 83, Loss: 0.6803, Elapsed: 3m58s
Epoch: 1, Batch: 84, Loss: 0.6746, Elapsed: 5m3s
Epoch: 1, Batch: 85, Loss: 0.6772, Elapsed: 3m24s
Epoch: 1, Batch: 86, Loss: 0.6730, Elapsed: 6m44s
Epoch: 1, Batch: 87, Loss: 0.6858, Elapsed: 5m44s
Epoch: 1, Batch: 88, Loss: 0.6761, Elapsed: 10m13s
Epoch: 1, Batch: 89, Loss: 0.6623, Elapsed: 8m2s
Epoch: 1, Batch: 90, Loss: 0.6872, Elapsed: 6m55s
Epoch: 1, Batch: 91, Loss: 0.6934, Elapsed: 2m50s
Epoch: 1, Batch: 92, Loss: 0.6626, Elapsed: 7m26s
Epoch: 1, Batch: 93, Loss: 0.6909, Elapsed: 6m51s
Epoch: 1, Batch: 94, Loss: 0.6693, Elapsed: 6m28s
Epoch: 1, Batch: 95, Loss: 0.6442, Elapsed: 2m19s
Epoch: 1, Batch: 96, Loss: 0.6754, Elapsed: 5m50s
Epoch: 1, Batch: 97, Loss: 0.6634, Elapsed: 5m32s
Epoch: 1, Batch: 98, Loss: 0.6652, Elapsed: 9m6s
Epoch: 1, Batch: 99, Loss: 0.6751, Elapsed: 6m7s
Epoch: 1, Batch: 100, Loss: 0.6668, Elapsed: 3m57s
Epoch: 1, Batch: 101, Loss: 0.6899, Elapsed: 5m32s
Epoch: 1, Batch: 102, Loss: 0.6723, Elapsed: 6m28s
Epoch: 1, Batch: 103, Loss: 0.6654, Elapsed: 3m45s
Epoch: 1, Batch: 104, Loss: 0.6543, Elapsed: 5m47s
Epoch: 1, Batch: 105, Loss: 0.6738, Elapsed: 4m31s
Epoch: 1, Batch: 106, Loss: 0.6556, Elapsed: 3m58s
Epoch: 1, Batch: 107, Loss: 0.6682, Elapsed: 5m25s
Epoch: 1, Batch: 108, Loss: 0.6845, Elapsed: 7m39s
Epoch: 1, Batch: 109, Loss: 0.6708, Elapsed: 4m59s
Epoch: 1, Batch: 110, Loss: 0.6666, Elapsed: 5m39s
Epoch: 1, Batch: 111, Loss: 0.6806, Elapsed: 6m7s
Epoch: 1, Batch: 112, Loss: 0.7101, Elapsed: 10m27s
Epoch: 1, Batch: 113, Loss: 0.6758, Elapsed: 7m43s
Epoch: 1, Batch: 114, Loss: 0.6974, Elapsed: 8m1s
Epoch: 1, Batch: 115, Loss: 0.6867, Elapsed: 6m4s
Epoch: 1, Batch: 116, Loss: 0.6903, Elapsed: 4m16s
Epoch: 1, Batch: 117, Loss: 0.6730, Elapsed: 7m20s
Epoch: 1, Batch: 118, Loss: 0.6686, Elapsed: 8m41s
Epoch: 1, Batch: 119, Loss: 0.6734, Elapsed: 9m16s
Epoch: 1, Batch: 120, Loss: 0.6758, Elapsed: 7m12s
Epoch: 1, Batch: 121, Loss: 0.6644, Elapsed: 4m59s
Epoch: 1, Batch: 122, Loss: 0.6584, Elapsed: 3m47s
Epoch: 1, Batch: 123, Loss: 0.6537, Elapsed: 8m1s
Epoch: 1, Batch: 124, Loss: 0.6664, Elapsed: 5m15s
Epoch: 1, Batch: 125, Loss: 0.6581, Elapsed: 7m0s
Epoch: 1, Batch: 126, Loss: 0.6641, Elapsed: 5m23s
Epoch: 1, Batch: 127, Loss: 0.6737, Elapsed: 6m40s
Epoch: 1, Batch: 128, Loss: 0.6567, Elapsed: 7m20s
Epoch: 1, Batch: 129, Loss: 0.6584, Elapsed: 5m15s
Epoch: 1, Batch: 130, Loss: 0.6641, Elapsed: 7m13s
Epoch: 1, Batch: 131, Loss: 0.7382, Elapsed: 9m44s
Epoch: 1, Batch: 132, Loss: 0.6547, Elapsed: 4m7s
Epoch: 1, Batch: 133, Loss: 0.6586, Elapsed: 14m13s
Epoch: 1, Batch: 134, Loss: 0.6586, Elapsed: 6m56s
Epoch: 1, Batch: 135, Loss: 0.6586, Elapsed: 4m19s
Epoch: 1, Batch: 136, Loss: 0.6791, Elapsed: 7m6s
Epoch: 1, Batch: 137, Loss: 0.6711, Elapsed: 14m17s
Epoch: 1, Batch: 138, Loss: 0.6530, Elapsed: 5m52s
Epoch: 1, Batch: 139, Loss: 0.6603, Elapsed: 6m52s
Epoch: 1, Batch: 140, Loss: 0.6678, Elapsed: 7m17s
Epoch: 1, Batch: 141, Loss: 0.6553, Elapsed: 5m52s
Epoch: 1, Batch: 142, Loss: 0.6576, Elapsed: 5m2s
Epoch: 1, Batch: 143, Loss: 0.6628, Elapsed: 5m56s
Epoch: 1, Batch: 144, Loss: 0.6472, Elapsed: 4m11s
Epoch: 1, Batch: 145, Loss: 0.6473, Elapsed: 9m1s
Epoch: 1, Batch: 146, Loss: 0.6348, Elapsed: 3m2s
Epoch: 1, Batch: 147, Loss: 0.6671, Elapsed: 9m1s
Epoch: 1, Batch: 148, Loss: 0.6519, Elapsed: 5m43s
Epoch: 1, Batch: 149, Loss: 0.6683, Elapsed: 7m59s
Epoch: 1, Batch: 150, Loss: 0.6518, Elapsed: 5m21s
Epoch: 1, Batch: 151, Loss: 0.6542, Elapsed: 7m30s
Epoch: 1, Batch: 152, Loss: 0.6402, Elapsed: 3m31s
Epoch: 1, Batch: 153, Loss: 0.6551, Elapsed: 7m56s
Epoch: 1, Batch: 154, Loss: 0.6588, Elapsed: 4m57s
Epoch: 1, Batch: 155, Loss: 0.6633, Elapsed: 8m13s
Epoch: 1, Batch: 156, Loss: 0.6535, Elapsed: 4m51s
Epoch: 1, Batch: 157, Loss: 0.6634, Elapsed: 8m31s
Epoch: 1, Batch: 158, Loss: 0.6220, Elapsed: 4m52s
Epoch: 1, Batch: 159, Loss: 0.6920, Elapsed: 6m43s
Epoch: 1, Batch: 160, Loss: 0.6205, Elapsed: 3m35s
Epoch: 1, Batch: 161, Loss: 0.6658, Elapsed: 7m35s
Epoch: 1, Batch: 162, Loss: 0.6765, Elapsed: 7m54s
Epoch: 1, Batch: 163, Loss: 0.6648, Elapsed: 7m7s
Epoch: 1, Batch: 164, Loss: 0.6419, Elapsed: 5m46s
Epoch: 1, Batch: 165, Loss: 0.6613, Elapsed: 5m7s
Epoch: 1, Batch: 166, Loss: 0.6626, Elapsed: 7m7s
Epoch: 1, Batch: 167, Loss: 0.6500, Elapsed: 4m36s
Epoch: 1, Batch: 168, Loss: 0.6528, Elapsed: 9m2s
Epoch: 1, Batch: 169, Loss: 0.6071, Elapsed: 2m28s
Epoch: 1, Batch: 170, Loss: 0.6335, Elapsed: 7m15s
Epoch: 1, Batch: 171, Loss: 0.6902, Elapsed: 12m4s
Epoch: 1, Batch: 172, Loss: 0.6598, Elapsed: 7m21s
Epoch: 1, Batch: 173, Loss: 0.6622, Elapsed: 9m22s
Epoch: 1, Batch: 174, Loss: 0.6831, Elapsed: 10m5s
Epoch: 1, Batch: 175, Loss: 0.6535, Elapsed: 6m47s
Epoch: 1, Batch: 176, Loss: 0.6645, Elapsed: 6m4s
Epoch: 1, Batch: 177, Loss: 0.6249, Elapsed: 5m22s
Epoch: 1, Batch: 178, Loss: 0.6288, Elapsed: 7m12s
Epoch: 1, Batch: 179, Loss: 0.6664, Elapsed: 4m34s
Epoch: 1, Batch: 180, Loss: 0.6110, Elapsed: 3m22s
Epoch: 1, Batch: 181, Loss: 0.6283, Elapsed: 5m32s
Epoch: 1, Batch: 182, Loss: 0.6430, Elapsed: 7m7s
Epoch: 1, Batch: 183, Loss: 0.6572, Elapsed: 8m5s
Epoch: 1, Batch: 184, Loss: 0.6314, Elapsed: 4m23s
Epoch: 1, Batch: 185, Loss: 0.6761, Elapsed: 6m17s
Epoch: 1, Batch: 186, Loss: 0.6624, Elapsed: 7m9s
Epoch: 1, Batch: 187, Loss: 0.6333, Elapsed: 9m48s
Epoch: 1, Batch: 188, Loss: 0.6828, Elapsed: 6m15s
Epoch: 1, Batch: 189, Loss: 0.6482, Elapsed: 5m12s
Epoch: 1, Batch: 190, Loss: 0.6728, Elapsed: 7m9s
Epoch: 1, Batch: 191, Loss: 0.6818, Elapsed: 6m14s
Epoch: 1, Batch: 192, Loss: 0.6498, Elapsed: 8m11s
Epoch: 1, Batch: 193, Loss: 0.6602, Elapsed: 5m21s
Epoch: 1, Batch: 194, Loss: 0.6238, Elapsed: 6m8s
Epoch: 1, Batch: 195, Loss: 0.6308, Elapsed: 6m54s
Epoch: 1, Batch: 196, Loss: 0.6406, Elapsed: 8m21s
Epoch: 1, Batch: 197, Loss: 0.6584, Elapsed: 4m5s
Epoch: 1, Batch: 198, Loss: 0.6495, Elapsed: 4m59s
Epoch: 1, Batch: 199, Loss: 0.6194, Elapsed: 4m19s
Epoch: 1, Batch: 200, Loss: 0.6520, Elapsed: 6m31s
Epoch: 1, Batch: 201, Loss: 0.6324, Elapsed: 6m12s
Epoch: 1, Batch: 202, Loss: 0.6429, Elapsed: 6m9s
Epoch: 1, Batch: 203, Loss: 0.6192, Elapsed: 3m22s
Epoch: 1, Batch: 204, Loss: 0.6154, Elapsed: 4m35s
Epoch: 1, Batch: 205, Loss: 0.6502, Elapsed: 6m2s
Epoch: 1, Batch: 206, Loss: 0.6447, Elapsed: 7m0s
Epoch: 1, Batch: 207, Loss: 0.6520, Elapsed: 9m43s
Epoch: 1, Batch: 208, Loss: 0.6293, Elapsed: 6m43s
Epoch: 1, Batch: 209, Loss: 0.6568, Elapsed: 9m33s
Epoch: 1, Batch: 210, Loss: 0.6221, Elapsed: 5m33s
Epoch: 1, Batch: 211, Loss: 0.5944, Elapsed: 4m9s
Epoch: 1, Batch: 212, Loss: 0.6261, Elapsed: 6m52s
Epoch: 1, Batch: 213, Loss: 0.6295, Elapsed: 6m21s
Epoch: 1, Batch: 214, Loss: 0.6137, Elapsed: 4m2s
Epoch: 1, Batch: 215, Loss: 0.6514, Elapsed: 9m6s
Epoch: 1, Batch: 216, Loss: 0.6399, Elapsed: 5m4s
Epoch: 1, Batch: 217, Loss: 0.6239, Elapsed: 6m22s
Epoch: 1, Batch: 218, Loss: 0.6285, Elapsed: 4m59s
Epoch: 1, Batch: 219, Loss: 0.6700, Elapsed: 9m20s
Epoch: 1, Batch: 220, Loss: 0.6642, Elapsed: 8m38s
Epoch: 1, Batch: 221, Loss: 0.6449, Elapsed: 6m33s
Epoch: 1, Batch: 222, Loss: 0.6344, Elapsed: 8m52s
Epoch: 1, Batch: 223, Loss: 0.6658, Elapsed: 12m16s
Epoch: 1, Batch: 224, Loss: 0.6424, Elapsed: 7m32s
Epoch: 1, Batch: 225, Loss: 0.6259, Elapsed: 8m0s
Epoch: 1, Batch: 226, Loss: 0.6334, Elapsed: 3m57s
Epoch: 1, Batch: 227, Loss: 0.6275, Elapsed: 7m34s
Epoch: 1, Batch: 228, Loss: 0.6103, Elapsed: 4m6s
Epoch: 1, Batch: 229, Loss: 0.6160, Elapsed: 5m29s
Epoch: 1, Batch: 230, Loss: 0.6301, Elapsed: 4m57s
Epoch: 1, Batch: 231, Loss: 0.6287, Elapsed: 5m8s
Epoch: 1, Batch: 232, Loss: 0.6559, Elapsed: 4m49s
Epoch: 1, Batch: 233, Loss: 0.6379, Elapsed: 9m20s
Epoch: 1, Batch: 234, Loss: 0.6215, Elapsed: 5m55s
Epoch: 1, Batch: 235, Loss: 0.6536, Elapsed: 8m55s
Epoch: 1, Batch: 236, Loss: 0.6161, Elapsed: 6m15s
Epoch: 1, Batch: 237, Loss: 0.6425, Elapsed: 5m16s
Epoch: 1, Batch: 238, Loss: 0.6460, Elapsed: 7m58s
Epoch: 1, Batch: 239, Loss: 0.6290, Elapsed: 5m39s
Epoch: 1, Batch: 240, Loss: 0.6536, Elapsed: 6m27s
Epoch: 1, Batch: 241, Loss: 0.6086, Elapsed: 3m56s
Epoch: 1, Batch: 242, Loss: 0.6174, Elapsed: 6m25s
Epoch: 1, Batch: 243, Loss: 0.6292, Elapsed: 7m19s
Epoch: 1, Batch: 244, Loss: 0.6204, Elapsed: 6m0s
Epoch: 1, Batch: 245, Loss: 0.6321, Elapsed: 4m33s
Epoch: 1, Batch: 246, Loss: 0.6674, Elapsed: 7m4s
Epoch: 1, Batch: 247, Loss: 0.6570, Elapsed: 6m4s
Epoch: 1, Batch: 248, Loss: 0.5836, Elapsed: 3m25s
Epoch: 1, Batch: 249, Loss: 0.6379, Elapsed: 4m34s
Epoch: 1, Batch: 250, Loss: 0.6275, Elapsed: 5m43s
Epoch: 1, Batch: 251, Loss: 0.6201, Elapsed: 6m55s
Epoch: 1, Batch: 252, Loss: 0.6243, Elapsed: 5m56s
Epoch: 1, Batch: 253, Loss: 0.6681, Elapsed: 7m23s
Epoch: 1, Batch: 254, Loss: 0.6429, Elapsed: 8m37s
Epoch: 1, Batch: 255, Loss: 0.6453, Elapsed: 5m48s
Epoch: 1, Batch: 256, Loss: 0.6420, Elapsed: 11m7s
Epoch: 1, Batch: 257, Loss: 0.6191, Elapsed: 7m48s
Epoch: 1, Batch: 258, Loss: 0.6436, Elapsed: 7m43s
Epoch: 1, Batch: 259, Loss: 0.6123, Elapsed: 4m34s
Epoch: 1, Batch: 260, Loss: 0.6323, Elapsed: 7m52s
Epoch: 1, Batch: 261, Loss: 0.6017, Elapsed: 4m54s
Epoch: 1, Batch: 262, Loss: 0.6252, Elapsed: 6m51s
Epoch: 1, Batch: 263, Loss: 0.6144, Elapsed: 6m2s
Epoch: 1, Batch: 264, Loss: 0.6384, Elapsed: 5m1s
Epoch: 1, Batch: 265, Loss: 0.6279, Elapsed: 6m42s
Epoch: 1, Batch: 266, Loss: 0.6266, Elapsed: 4m42s
Epoch: 1, Batch: 267, Loss: 0.6336, Elapsed: 4m7s
Epoch: 1, Batch: 268, Loss: 0.5871, Elapsed: 4m13s
Epoch: 1, Batch: 269, Loss: 0.6328, Elapsed: 4m29s
Epoch: 1, Batch: 270, Loss: 0.5575, Elapsed: 4m2s
Epoch: 1, Batch: 271, Loss: 0.6222, Elapsed: 4m14s
Epoch: 1, Batch: 272, Loss: 0.6088, Elapsed: 6m4s
Epoch: 1, Batch: 273, Loss: 0.5897, Elapsed: 4m6s
Epoch: 1, Batch: 274, Loss: 0.6109, Elapsed: 4m51s
Epoch: 1, Batch: 275, Loss: 0.6250, Elapsed: 6m21s
Epoch: 1, Batch: 276, Loss: 0.6092, Elapsed: 5m33s
Epoch: 1, Batch: 277, Loss: 0.5890, Elapsed: 3m57s
Epoch: 1, Batch: 278, Loss: 0.6331, Elapsed: 7m36s
Epoch: 1, Batch: 279, Loss: 0.6346, Elapsed: 6m2s
Epoch: 1, Batch: 280, Loss: 0.6275, Elapsed: 12m5s
Epoch: 1, Batch: 281, Loss: 0.6174, Elapsed: 6m3s
Epoch: 1, Batch: 282, Loss: 0.6190, Elapsed: 5m51s
Epoch: 1, Batch: 283, Loss: 0.6415, Elapsed: 8m32s
Epoch: 1, Batch: 284, Loss: 0.6422, Elapsed: 7m32s
Epoch: 1, Batch: 285, Loss: 0.6199, Elapsed: 3m39s
Epoch: 1, Batch: 286, Loss: 0.6200, Elapsed: 7m2s
Epoch: 1, Batch: 287, Loss: 0.6228, Elapsed: 8m35s
Epoch: 1, Batch: 288, Loss: 0.6406, Elapsed: 5m54s
Epoch: 1, Batch: 289, Loss: 0.6229, Elapsed: 7m28s
Epoch: 1, Batch: 290, Loss: 0.6069, Elapsed: 5m18s
Epoch: 1, Batch: 291, Loss: 0.6149, Elapsed: 4m48s
Epoch: 1, Batch: 292, Loss: 0.5630, Elapsed: 4m45s
Epoch: 1, Batch: 293, Loss: 0.6298, Elapsed: 6m56s
Epoch: 1, Batch: 294, Loss: 0.6280, Elapsed: 5m40s
Epoch: 1, Batch: 295, Loss: 0.5751, Elapsed: 5m31s
Epoch: 1, Batch: 296, Loss: 0.5880, Elapsed: 3m44s
Epoch: 1, Batch: 297, Loss: 0.5978, Elapsed: 4m29s
Epoch: 1, Batch: 298, Loss: 0.6335, Elapsed: 5m50s
Epoch: 1, Batch: 299, Loss: 0.5945, Elapsed: 5m28s
Epoch: 1, Batch: 300, Loss: 0.6109, Elapsed: 8m0s
Epoch: 1, Batch: 301, Loss: 0.5980, Elapsed: 3m24s
Epoch: 1, Batch: 302, Loss: 0.5867, Elapsed: 4m12s
Epoch: 1, Batch: 303, Loss: 0.6192, Elapsed: 10m29s
Epoch: 1, Batch: 304, Loss: 0.5992, Elapsed: 5m2s
Epoch: 1, Batch: 305, Loss: 0.6349, Elapsed: 9m26s
Epoch: 1, Batch: 306, Loss: 0.6251, Elapsed: 8m39s
Epoch: 1, Batch: 307, Loss: 0.6556, Elapsed: 8m30s
Epoch: 1, Batch: 308, Loss: 0.6040, Elapsed: 4m54s
Epoch: 1, Batch: 309, Loss: 0.6096, Elapsed: 5m18s
Epoch: 1, Batch: 310, Loss: 0.5978, Elapsed: 6m40s
Epoch: 1, Batch: 311, Loss: 0.6244, Elapsed: 6m53s
Epoch: 1, Batch: 312, Loss: 0.6025, Elapsed: 6m55s
Epoch: 1, Batch: 313, Loss: 0.6292, Elapsed: 4m31s
Epoch: 1, Batch: 314, Loss: 0.6145, Elapsed: 7m4s
Epoch: 1, Batch: 315, Loss: 0.5902, Elapsed: 6m16s
Epoch: 1, Batch: 316, Loss: 0.6221, Elapsed: 9m57s
Epoch: 1, Batch: 317, Loss: 0.6117, Elapsed: 5m45s
Epoch: 1, Batch: 318, Loss: 0.6089, Elapsed: 5m56s
Epoch: 1, Batch: 319, Loss: 0.6467, Elapsed: 9m23s
Epoch: 1, Batch: 320, Loss: 0.5424, Elapsed: 4m25s
Epoch: 1, Batch: 321, Loss: 0.6063, Elapsed: 6m14s
Epoch: 1, Batch: 322, Loss: 0.6412, Elapsed: 6m37s
Epoch: 1, Batch: 323, Loss: 0.6323, Elapsed: 5m1s
Epoch: 1, Batch: 324, Loss: 0.6181, Elapsed: 6m4s
Epoch: 1, Batch: 325, Loss: 0.5731, Elapsed: 4m2s
Epoch: 1, Batch: 326, Loss: 0.5644, Elapsed: 4m14s
Epoch: 1, Batch: 327, Loss: 0.6265, Elapsed: 6m6s
Epoch: 1, Batch: 328, Loss: 0.6465, Elapsed: 8m52s
Epoch: 1, Batch: 329, Loss: 0.6722, Elapsed: 8m57s
Epoch: 1, Batch: 330, Loss: 0.5679, Elapsed: 5m38s
Epoch: 1, Batch: 331, Loss: 0.5658, Elapsed: 4m11s
Epoch: 1, Batch: 332, Loss: 0.6177, Elapsed: 6m56s
Epoch: 1, Batch: 333, Loss: 0.6058, Elapsed: 6m59s
Epoch: 1, Batch: 334, Loss: 0.6276, Elapsed: 6m35s
Epoch: 1, Batch: 335, Loss: 0.6282, Elapsed: 5m22s
Epoch: 1, Batch: 336, Loss: 0.5846, Elapsed: 4m39s
Epoch: 1, Batch: 337, Loss: 0.5834, Elapsed: 4m52s
Epoch: 1, Batch: 338, Loss: 0.6092, Elapsed: 4m34s
Epoch: 1, Batch: 339, Loss: 0.6014, Elapsed: 7m4s
Epoch: 1, Batch: 340, Loss: 0.6125, Elapsed: 4m54s
Epoch: 1, Batch: 341, Loss: 0.6153, Elapsed: 7m19s
Epoch: 1, Batch: 342, Loss: 0.6359, Elapsed: 6m2s
Epoch: 1, Batch: 343, Loss: 0.5732, Elapsed: 2m17s
Epoch: 1, Batch: 344, Loss: 0.6670, Elapsed: 9m21s
Epoch: 1, Batch: 345, Loss: 0.6628, Elapsed: 9m5s
Epoch: 1, Batch: 346, Loss: 0.5439, Elapsed: 4m45s
Epoch: 1, Batch: 347, Loss: 0.6077, Elapsed: 6m57s
Epoch: 1, Batch: 348, Loss: 0.6084, Elapsed: 4m27s
Epoch: 1, Batch: 349, Loss: 0.6012, Elapsed: 5m46s
Epoch: 1, Batch: 350, Loss: 0.5455, Elapsed: 4m2s
Epoch: 1, Batch: 351, Loss: 0.6185, Elapsed: 7m25s
Epoch: 1, Batch: 352, Loss: 0.6219, Elapsed: 8m38s
Epoch: 1, Batch: 353, Loss: 0.5706, Elapsed: 4m35s
Epoch: 1, Batch: 354, Loss: 0.6053, Elapsed: 4m29s
Epoch: 1, Batch: 355, Loss: 0.5871, Elapsed: 4m42s
Epoch: 1, Batch: 356, Loss: 0.5662, Elapsed: 5m57s
Epoch: 1, Batch: 357, Loss: 0.5962, Elapsed: 5m48s
Epoch: 1, Batch: 358, Loss: 0.6147, Elapsed: 7m35s
Epoch: 1, Batch: 359, Loss: 0.6497, Elapsed: 9m49s
Epoch: 1, Batch: 360, Loss: 0.5692, Elapsed: 5m37s
Epoch: 1, Batch: 361, Loss: 0.5690, Elapsed: 4m41s
Epoch: 1, Batch: 362, Loss: 0.5964, Elapsed: 6m27s
Epoch: 1, Batch: 363, Loss: 0.6293, Elapsed: 10m44s
Epoch: 1, Batch: 364, Loss: 0.6330, Elapsed: 7m16s
Epoch: 1, Batch: 365, Loss: 0.5463, Elapsed: 4m41s
Epoch: 1, Batch: 366, Loss: 0.5668, Elapsed: 5m46s
Epoch: 1, Batch: 367, Loss: 0.5628, Elapsed: 5m3s
Epoch: 1, Batch: 368, Loss: 0.5726, Elapsed: 4m39s
Epoch: 1, Batch: 369, Loss: 0.5686, Elapsed: 4m21s
Epoch: 1, Batch: 370, Loss: 0.7464, Elapsed: 7m39s
Epoch: 1, Batch: 371, Loss: 0.6362, Elapsed: 8m26s
Epoch: 1, Batch: 372, Loss: 0.5965, Elapsed: 9m22s
Epoch: 1, Batch: 373, Loss: 0.6188, Elapsed: 6m37s
Epoch: 1, Batch: 374, Loss: 0.5758, Elapsed: 4m34s
Epoch: 1, Batch: 375, Loss: 0.5864, Elapsed: 6m53s
Epoch: 1, Batch: 376, Loss: 0.5667, Elapsed: 3m53s
Epoch: 1, Batch: 377, Loss: 0.6107, Elapsed: 6m41s
Epoch: 1, Batch: 378, Loss: 0.6086, Elapsed: 5m28s
Epoch: 1, Batch: 379, Loss: 0.5809, Elapsed: 8m11s
Epoch: 1, Batch: 380, Loss: 0.5956, Elapsed: 7m22s
Epoch: 1, Batch: 381, Loss: 0.5779, Elapsed: 6m26s
Epoch: 1, Batch: 382, Loss: 0.5736, Elapsed: 3m33s
Epoch: 1, Batch: 383, Loss: 0.6355, Elapsed: 7m3s
Epoch: 1, Batch: 384, Loss: 0.6165, Elapsed: 7m16s
Epoch: 1, Batch: 385, Loss: 0.6190, Elapsed: 5m46s
Epoch: 1, Batch: 386, Loss: 0.6032, Elapsed: 8m51s
Epoch: 1, Batch: 387, Loss: 0.5770, Elapsed: 5m25s
Epoch: 1, Batch: 388, Loss: 0.5841, Elapsed: 4m21s
Epoch: 1, Batch: 389, Loss: 0.5818, Elapsed: 4m6s
Epoch: 1, Batch: 390, Loss: 0.6166, Elapsed: 8m5s
Epoch: 1, Batch: 391, Loss: 0.6190, Elapsed: 7m16s
Epoch: 1, Batch: 392, Loss: 0.6097, Elapsed: 7m29s
Epoch: 1, Batch: 393, Loss: 0.6277, Elapsed: 7m16s
Epoch: 1, Batch: 394, Loss: 0.6794, Elapsed: 8m27s
Epoch: 1, Batch: 395, Loss: 0.5784, Elapsed: 4m12s
Epoch: 1, Batch: 396, Loss: 0.6089, Elapsed: 7m31s
Epoch: 1, Batch: 397, Loss: 0.5982, Elapsed: 5m32s
Epoch: 1, Batch: 398, Loss: 0.6514, Elapsed: 6m50s
Epoch: 1, Batch: 399, Loss: 0.6349, Elapsed: 11m28s
Epoch: 1, Batch: 400, Loss: 0.5615, Elapsed: 6m0s
Epoch: 1, Batch: 401, Loss: 0.6421, Elapsed: 8m14s
Epoch: 1, Batch: 402, Loss: 0.5588, Elapsed: 3m23s
Epoch: 1, Batch: 403, Loss: 0.6038, Elapsed: 7m0s
Epoch: 1, Batch: 404, Loss: 0.5841, Elapsed: 7m15s
Epoch: 1, Batch: 405, Loss: 0.5821, Elapsed: 5m14s
Epoch: 1, Batch: 406, Loss: 0.6179, Elapsed: 8m7s
Epoch: 1, Batch: 407, Loss: 0.5824, Elapsed: 5m9s
Epoch: 1, Batch: 408, Loss: 0.5494, Elapsed: 6m25s
Epoch: 1, Batch: 409, Loss: 0.5351, Elapsed: 3m34s
Epoch: 1, Batch: 410, Loss: 0.5826, Elapsed: 4m40s
Epoch: 1, Batch: 411, Loss: 0.5880, Elapsed: 6m10s
Epoch: 1, Batch: 412, Loss: 0.6353, Elapsed: 6m27s
Epoch: 1, Batch: 413, Loss: 0.6527, Elapsed: 7m35s
Epoch: 1, Batch: 414, Loss: 0.5446, Elapsed: 3m54s
Epoch: 1, Batch: 415, Loss: 0.5930, Elapsed: 3m56s
Epoch: 1, Batch: 416, Loss: 0.5702, Elapsed: 5m55s
Epoch: 1, Batch: 417, Loss: 0.6396, Elapsed: 13m30s
Epoch: 1, Batch: 418, Loss: 0.5879, Elapsed: 9m55s
Epoch: 1, Batch: 419, Loss: 0.5934, Elapsed: 4m25s
Epoch: 1, Batch: 420, Loss: 0.5487, Elapsed: 5m11s
Epoch: 1, Batch: 421, Loss: 0.6367, Elapsed: 6m46s
Epoch: 1, Batch: 422, Loss: 0.5633, Elapsed: 4m55s
Epoch: 1, Batch: 423, Loss: 0.6146, Elapsed: 6m59s
Epoch: 1, Batch: 424, Loss: 0.5740, Elapsed: 4m24s
Epoch: 1, Batch: 425, Loss: 0.6181, Elapsed: 7m57s
Epoch: 1, Batch: 426, Loss: 0.5005, Elapsed: 3m9s
Epoch: 1, Batch: 427, Loss: 0.6119, Elapsed: 7m33s
Epoch: 1, Batch: 428, Loss: 0.6388, Elapsed: 7m54s
Epoch: 1, Batch: 429, Loss: 0.6015, Elapsed: 7m3s
Epoch: 1, Batch: 430, Loss: 0.6413, Elapsed: 11m53s
Epoch: 1, Batch: 431, Loss: 0.6422, Elapsed: 10m21s
Epoch: 1, Batch: 432, Loss: 0.6403, Elapsed: 7m0s
Epoch: 1, Batch: 433, Loss: 0.6449, Elapsed: 8m1s
Epoch: 1, Batch: 434, Loss: 0.6088, Elapsed: 5m46s
Epoch: 1, Batch: 435, Loss: 0.5697, Elapsed: 4m57s
Epoch: 1, Batch: 436, Loss: 0.5872, Elapsed: 4m45s
Epoch: 1, Batch: 437, Loss: 0.5745, Elapsed: 4m44s
Epoch: 1, Batch: 438, Loss: 0.5358, Elapsed: 4m34s
Epoch: 1, Batch: 439, Loss: 0.6008, Elapsed: 6m18s
Epoch: 1, Batch: 440, Loss: 0.6589, Elapsed: 10m14s
Epoch: 1, Batch: 441, Loss: 0.5322, Elapsed: 4m35s
Epoch: 1, Batch: 442, Loss: 0.6059, Elapsed: 5m28s
Epoch: 1, Batch: 443, Loss: 0.5469, Elapsed: 5m3s
Epoch: 1, Batch: 444, Loss: 0.5175, Elapsed: 3m59s
Epoch: 1, Batch: 445, Loss: 0.6371, Elapsed: 7m39s
Epoch: 1, Batch: 446, Loss: 0.5772, Elapsed: 5m3s
Epoch: 1, Batch: 447, Loss: 0.5803, Elapsed: 4m45s
Epoch: 1, Batch: 448, Loss: 0.5808, Elapsed: 6m0s
Epoch: 1, Batch: 449, Loss: 0.6141, Elapsed: 8m48s
Epoch: 1, Batch: 450, Loss: 0.5950, Elapsed: 8m6s
Epoch: 1, Batch: 451, Loss: 0.6570, Elapsed: 12m27s
Epoch: 1, Batch: 452, Loss: 0.6318, Elapsed: 4m42s
Epoch: 1, Batch: 453, Loss: 0.5977, Elapsed: 9m40s
Epoch: 1, Batch: 454, Loss: 0.5922, Elapsed: 4m1s
Epoch: 1, Batch: 455, Loss: 0.5517, Elapsed: 3m38s
Epoch: 1, Batch: 456, Loss: 0.6040, Elapsed: 6m48s
Epoch: 1, Batch: 457, Loss: 0.6382, Elapsed: 12m5s
Epoch: 1, Batch: 458, Loss: 0.6433, Elapsed: 4m36s
Epoch: 1, Batch: 459, Loss: 0.6291, Elapsed: 6m42s
Epoch: 1, Batch: 460, Loss: 0.6102, Elapsed: 7m23s
Epoch: 1, Batch: 461, Loss: 0.5755, Elapsed: 6m13s
Epoch: 1, Batch: 462, Loss: 0.6031, Elapsed: 7m46s
Epoch: 1, Batch: 463, Loss: 0.6055, Elapsed: 9m7s
Epoch: 1, Batch: 464, Loss: 0.6176, Elapsed: 5m27s
Epoch: 1, Batch: 465, Loss: 0.5889, Elapsed: 4m25s
Epoch: 1, Batch: 466, Loss: 0.5929, Elapsed: 6m2s
Epoch: 1, Batch: 467, Loss: 0.5952, Elapsed: 7m44s
Epoch: 1, Batch: 468, Loss: 0.6218, Elapsed: 7m57s
Epoch: 1, Batch: 469, Loss: 0.6181, Elapsed: 5m5s
Epoch: 1, Batch: 470, Loss: 0.6175, Elapsed: 6m10s
Epoch: 1, Batch: 471, Loss: 0.6267, Elapsed: 7m0s
Epoch: 1, Batch: 472, Loss: 0.6107, Elapsed: 7m14s
Epoch: 1, Batch: 473, Loss: 0.5550, Elapsed: 4m22s
Epoch: 1, Batch: 474, Loss: 0.5749, Elapsed: 14m56s
Epoch: 1, Batch: 475, Loss: 0.5898, Elapsed: 8m52s
Epoch: 1, Batch: 476, Loss: 0.5882, Elapsed: 9m54s
Epoch: 1, Batch: 477, Loss: 0.5886, Elapsed: 6m34s
Epoch: 1, Batch: 478, Loss: 0.6005, Elapsed: 5m39s
Epoch: 1, Batch: 479, Loss: 0.6303, Elapsed: 7m36s
Epoch: 1, Batch: 480, Loss: 0.5875, Elapsed: 6m39s
Epoch: 1, Batch: 481, Loss: 0.6303, Elapsed: 5m46s
Epoch: 1, Batch: 482, Loss: 0.6123, Elapsed: 6m59s
Epoch: 1, Batch: 483, Loss: 0.6115, Elapsed: 4m34s
Epoch: 1, Batch: 484, Loss: 0.5680, Elapsed: 6m7s
Epoch: 1, Batch: 485, Loss: 0.5850, Elapsed: 5m47s
Epoch: 1, Batch: 486, Loss: 0.6129, Elapsed: 5m2s
Epoch: 1, Batch: 487, Loss: 0.5921, Elapsed: 5m9s
Epoch: 1, Batch: 488, Loss: 0.5677, Elapsed: 7m18s
Epoch: 1, Batch: 489, Loss: 0.6238, Elapsed: 11m40s
Epoch: 1, Batch: 490, Loss: 0.5992, Elapsed: 9m52s
Epoch: 1, Batch: 491, Loss: 0.6094, Elapsed: 6m7s
Epoch: 1, Batch: 492, Loss: 0.5659, Elapsed: 5m16s
Epoch: 1, Batch: 493, Loss: 0.5300, Elapsed: 3m59s
Epoch: 1, Batch: 494, Loss: 0.5673, Elapsed: 3m50s
Epoch: 1, Batch: 495, Loss: 0.6234, Elapsed: 6m39s
Epoch: 1, Batch: 496, Loss: 0.5976, Elapsed: 6m14s
Epoch: 1, Batch: 497, Loss: 0.6040, Elapsed: 5m47s
Epoch: 1, Batch: 498, Loss: 0.5853, Elapsed: 7m7s
Epoch: 1, Batch: 499, Loss: 0.6031, Elapsed: 7m14s
Epoch: 1, Batch: 500, Loss: 0.6191, Elapsed: 5m14s
Epoch: 1, Batch: 501, Loss: 0.6191, Elapsed: 6m22s
Epoch: 1, Batch: 502, Loss: 0.6154, Elapsed: 5m43s
Epoch: 1, Batch: 503, Loss: 0.5838, Elapsed: 7m23s
Epoch: 1, Batch: 504, Loss: 0.5861, Elapsed: 6m19s
Epoch: 1, Batch: 505, Loss: 0.6432, Elapsed: 7m2s
Epoch: 1, Batch: 506, Loss: 0.5908, Elapsed: 7m14s
Epoch: 1, Batch: 507, Loss: 0.5595, Elapsed: 7m48s
Epoch: 1, Batch: 508, Loss: 0.5814, Elapsed: 7m16s
Epoch: 1, Batch: 509, Loss: 0.5891, Elapsed: 5m20s
Epoch: 1, Batch: 510, Loss: 0.6044, Elapsed: 10m0s
Epoch: 1, Batch: 511, Loss: 0.5851, Elapsed: 7m44s
Epoch: 1, Batch: 512, Loss: 0.5908, Elapsed: 5m28s
Epoch: 1, Batch: 513, Loss: 0.6057, Elapsed: 7m37s
Epoch: 1, Batch: 514, Loss: 0.5914, Elapsed: 8m30s
Epoch: 1, Batch: 515, Loss: 0.5418, Elapsed: 4m35s
Epoch: 1, Batch: 516, Loss: 0.5556, Elapsed: 4m39s
Epoch: 1, Batch: 517, Loss: 0.6110, Elapsed: 12m23s
Epoch: 1, Batch: 518, Loss: 0.5466, Elapsed: 5m10s
Epoch: 1, Batch: 519, Loss: 0.5994, Elapsed: 4m39s
Epoch: 1, Batch: 520, Loss: 0.5841, Elapsed: 8m50s
Epoch: 1, Batch: 521, Loss: 0.5873, Elapsed: 7m58s
Epoch: 1, Batch: 522, Loss: 0.5556, Elapsed: 3m55s
Epoch: 1, Batch: 523, Loss: 0.5789, Elapsed: 6m9s
Epoch: 1, Batch: 524, Loss: 0.5564, Elapsed: 5m53s
Epoch: 1, Batch: 525, Loss: 0.5516, Elapsed: 5m34s
Epoch: 1, Batch: 526, Loss: 0.5020, Elapsed: 3m44s
Epoch: 1, Batch: 527, Loss: 0.6142, Elapsed: 11m50s
Epoch: 1, Batch: 528, Loss: 0.5971, Elapsed: 9m19s
Epoch: 1, Batch: 529, Loss: 0.5422, Elapsed: 5m25s
Epoch: 1, Batch: 530, Loss: 0.6070, Elapsed: 8m38s
Epoch: 1, Batch: 531, Loss: 0.5563, Elapsed: 5m49s
Epoch: 1, Batch: 532, Loss: 0.5764, Elapsed: 8m15s
Epoch: 1, Batch: 533, Loss: 0.5864, Elapsed: 8m11s
Epoch: 1, Batch: 534, Loss: 0.5679, Elapsed: 5m49s
Epoch: 1, Batch: 535, Loss: 0.5950, Elapsed: 6m20s
Epoch: 1, Batch: 536, Loss: 0.5018, Elapsed: 4m2s
Epoch: 1, Batch: 537, Loss: 0.5499, Elapsed: 4m43s
Epoch: 1, Batch: 538, Loss: 0.6152, Elapsed: 7m40s
Epoch: 1, Batch: 539, Loss: 0.6125, Elapsed: 5m12s
Epoch: 1, Batch: 540, Loss: 0.5838, Elapsed: 4m47s
Epoch: 1, Batch: 541, Loss: 0.5720, Elapsed: 5m3s
Epoch: 1, Batch: 542, Loss: 0.6310, Elapsed: 6m44s
Epoch: 1, Batch: 543, Loss: 0.5529, Elapsed: 3m42s
Epoch: 1, Batch: 544, Loss: 0.5752, Elapsed: 10m47s
Epoch: 1, Batch: 545, Loss: 0.5707, Elapsed: 6m57s
Epoch: 1, Batch: 546, Loss: 0.5649, Elapsed: 5m46s
Epoch: 1, Batch: 547, Loss: 0.6430, Elapsed: 8m37s
Epoch: 1, Batch: 548, Loss: 0.5873, Elapsed: 5m38s
Epoch: 1, Batch: 549, Loss: 0.6060, Elapsed: 6m42s
Epoch: 1, Batch: 550, Loss: 0.5878, Elapsed: 7m58s
Epoch: 1, Batch: 551, Loss: 0.6028, Elapsed: 4m51s
Epoch: 1, Batch: 552, Loss: 0.6054, Elapsed: 6m28s
Epoch: 1, Batch: 553, Loss: 0.5914, Elapsed: 6m5s
Epoch: 1, Batch: 554, Loss: 0.5872, Elapsed: 8m2s
Epoch: 1, Batch: 555, Loss: 0.5936, Elapsed: 7m9s
Epoch: 1, Batch: 556, Loss: 0.5632, Elapsed: 4m37s
Epoch: 1, Batch: 557, Loss: 0.5562, Elapsed: 4m55s
Epoch: 1, Batch: 558, Loss: 0.5891, Elapsed: 7m36s
Epoch: 1, Batch: 559, Loss: 0.6030, Elapsed: 5m7s
Epoch: 1, Batch: 560, Loss: 0.6077, Elapsed: 8m13s
Epoch: 1, Batch: 561, Loss: 0.5788, Elapsed: 5m33s
Epoch: 1, Batch: 562, Loss: 0.6403, Elapsed: 9m1s
Epoch: 1, Batch: 563, Loss: 0.6060, Elapsed: 9m26s
Epoch: 1, Batch: 564, Loss: 0.6146, Elapsed: 7m5s
Epoch: 1, Batch: 565, Loss: 0.4800, Elapsed: 3m10s
Epoch: 1, Batch: 566, Loss: 0.5667, Elapsed: 6m4s
Epoch: 1, Batch: 567, Loss: 0.5846, Elapsed: 8m9s
Epoch: 1, Batch: 568, Loss: 0.5932, Elapsed: 11m27s
Epoch: 1, Batch: 569, Loss: 0.6301, Elapsed: 13m13s
Epoch: 1, Batch: 570, Loss: 0.6241, Elapsed: 6m27s
Epoch: 1, Batch: 571, Loss: 0.5559, Elapsed: 6m31s
Epoch: 1, Batch: 572, Loss: 0.5875, Elapsed: 8m8s
Epoch: 1, Batch: 573, Loss: 0.5569, Elapsed: 4m38s
Epoch: 1, Batch: 574, Loss: 0.5900, Elapsed: 8m13s
Epoch: 1, Batch: 575, Loss: 0.5764, Elapsed: 7m43s
Epoch: 1, Batch: 576, Loss: 0.5725, Elapsed: 5m46s
Epoch: 1, Batch: 577, Loss: 0.5948, Elapsed: 7m9s
Epoch: 1, Batch: 578, Loss: 0.5588, Elapsed: 6m11s
Epoch: 1, Batch: 579, Loss: 0.5249, Elapsed: 4m44s
Epoch: 1, Batch: 580, Loss: 0.5833, Elapsed: 5m46s
Epoch: 1, Batch: 581, Loss: 0.5606, Elapsed: 5m38s
Epoch: 1, Batch: 582, Loss: 0.5635, Elapsed: 4m34s
Epoch: 1, Batch: 583, Loss: 0.5713, Elapsed: 6m16s
Epoch: 1, Batch: 584, Loss: 0.6058, Elapsed: 6m30s
Epoch: 1, Batch: 585, Loss: 0.5771, Elapsed: 6m37s
Epoch: 1, Batch: 586, Loss: 0.5448, Elapsed: 4m48s
Epoch: 1, Batch: 587, Loss: 0.5504, Elapsed: 5m3s
Epoch: 1, Batch: 588, Loss: 0.5835, Elapsed: 5m46s
Epoch: 1, Batch: 589, Loss: 0.5900, Elapsed: 6m18s
Epoch: 1, Batch: 590, Loss: 0.5488, Elapsed: 6m29s
Epoch: 1, Batch: 591, Loss: 0.6160, Elapsed: 7m54s
Epoch: 1, Batch: 592, Loss: 0.5780, Elapsed: 4m50s
Epoch: 1, Batch: 593, Loss: 0.5891, Elapsed: 8m41s
Epoch: 1, Batch: 594, Loss: 0.5504, Elapsed: 6m44s
Epoch: 1, Batch: 595, Loss: 0.5462, Elapsed: 5m34s
Epoch: 1, Batch: 596, Loss: 0.6296, Elapsed: 9m56s
Epoch: 1, Batch: 597, Loss: 0.5605, Elapsed: 3m21s
Epoch: 1, Batch: 598, Loss: 0.6025, Elapsed: 10m2s
Epoch: 1, Batch: 599, Loss: 0.6095, Elapsed: 5m47s
Epoch: 1, Batch: 600, Loss: 0.5593, Elapsed: 7m39s
Epoch: 1, Batch: 601, Loss: 0.5892, Elapsed: 5m32s
Epoch: 1, Batch: 602, Loss: 0.5437, Elapsed: 3m56s
Epoch: 1, Batch: 603, Loss: 0.5450, Elapsed: 3m43s
Epoch: 1, Batch: 604, Loss: 0.6013, Elapsed: 8m7s
Epoch: 1, Batch: 605, Loss: 0.5696, Elapsed: 4m50s
Epoch: 1, Batch: 606, Loss: 0.6118, Elapsed: 6m43s
Epoch: 1, Batch: 607, Loss: 0.5767, Elapsed: 6m10s
Epoch: 1, Batch: 608, Loss: 0.5529, Elapsed: 6m47s
Epoch: 1, Batch: 609, Loss: 0.5079, Elapsed: 3m25s
Epoch: 1, Batch: 610, Loss: 0.5620, Elapsed: 7m10s
Epoch: 1, Batch: 611, Loss: 0.5724, Elapsed: 7m11s
Epoch: 1, Batch: 612, Loss: 0.5540, Elapsed: 6m36s
Epoch: 1, Batch: 613, Loss: 0.5679, Elapsed: 7m43s
Epoch: 1, Batch: 614, Loss: 0.5274, Elapsed: 4m43s
Epoch: 1, Batch: 615, Loss: 0.6139, Elapsed: 4m56s
Epoch: 1, Batch: 616, Loss: 0.5955, Elapsed: 5m57s
Epoch: 1, Batch: 617, Loss: 0.5800, Elapsed: 7m20s
Epoch: 1, Batch: 618, Loss: 0.5581, Elapsed: 7m24s
Epoch: 1, Batch: 619, Loss: 0.5653, Elapsed: 3m51s
Epoch: 1, Batch: 620, Loss: 0.6123, Elapsed: 5m51s
Epoch: 1, Batch: 621, Loss: 0.5256, Elapsed: 4m12s
Epoch: 1, Batch: 622, Loss: 0.6055, Elapsed: 6m40s
Epoch: 1, Batch: 623, Loss: 0.5701, Elapsed: 6m38s
Epoch: 1, Batch: 624, Loss: 0.5856, Elapsed: 4m6s
Epoch: 1, Batch: 625, Loss: 0.6115, Elapsed: 8m16s
Epoch: 1, Batch: 626, Loss: 0.6089, Elapsed: 6m32s
Epoch: 1, Batch: 627, Loss: 0.5417, Elapsed: 6m47s
Epoch: 1, Batch: 628, Loss: 0.5646, Elapsed: 4m33s
Epoch: 1, Batch: 629, Loss: 0.5857, Elapsed: 10m25s
Epoch: 1, Batch: 630, Loss: 0.5955, Elapsed: 7m52s
Epoch: 1, Batch: 631, Loss: 0.5865, Elapsed: 8m48s
Epoch: 1, Batch: 632, Loss: 0.5945, Elapsed: 7m46s
Epoch: 1, Batch: 633, Loss: 0.5687, Elapsed: 7m50s
Epoch: 1, Batch: 634, Loss: 0.6038, Elapsed: 10m32s
Epoch: 1, Batch: 635, Loss: 0.5369, Elapsed: 4m54s
Epoch: 1, Batch: 636, Loss: 0.6123, Elapsed: 9m14s
Epoch: 1, Batch: 637, Loss: 0.5559, Elapsed: 4m20s
Epoch: 1, Batch: 638, Loss: 0.6014, Elapsed: 7m9s
Epoch: 1, Batch: 639, Loss: 0.5763, Elapsed: 8m29s
Epoch: 1, Batch: 640, Loss: 0.5755, Elapsed: 4m8s
Epoch: 1, Batch: 641, Loss: 0.5954, Elapsed: 5m24s
Epoch: 1, Batch: 642, Loss: 0.5873, Elapsed: 7m16s
Epoch: 1, Batch: 643, Loss: 0.5956, Elapsed: 6m58s
Epoch: 1, Batch: 644, Loss: 0.6359, Elapsed: 10m12s
Epoch: 1, Batch: 645, Loss: 0.5966, Elapsed: 9m15s
Epoch: 1, Batch: 646, Loss: 0.6168, Elapsed: 10m35s
Epoch: 1, Batch: 647, Loss: 0.6049, Elapsed: 5m37s
Epoch: 1, Batch: 648, Loss: 0.5611, Elapsed: 5m42s
Epoch: 1, Batch: 649, Loss: 0.5701, Elapsed: 5m53s
Epoch: 1, Batch: 650, Loss: 0.5418, Elapsed: 4m18s
Epoch: 1, Batch: 651, Loss: 0.5944, Elapsed: 5m17s
Epoch: 1, Batch: 652, Loss: 0.4823, Elapsed: 4m28s
Epoch: 1, Batch: 653, Loss: 0.6054, Elapsed: 7m38s
Epoch: 1, Batch: 654, Loss: 0.5742, Elapsed: 4m23s
Epoch: 1, Batch: 655, Loss: 0.5762, Elapsed: 5m32s
Epoch: 1, Batch: 656, Loss: 0.5736, Elapsed: 5m15s
Epoch: 1, Batch: 657, Loss: 0.5527, Elapsed: 5m50s
Epoch: 1, Batch: 658, Loss: 0.5484, Elapsed: 3m37s
Epoch: 1, Batch: 659, Loss: 0.5465, Elapsed: 3m56s
Epoch: 1, Batch: 660, Loss: 0.5838, Elapsed: 6m55s
Epoch: 1, Batch: 661, Loss: 0.5481, Elapsed: 5m13s
Epoch: 1, Batch: 662, Loss: 0.5974, Elapsed: 7m57s
Epoch: 1, Batch: 663, Loss: 0.5385, Elapsed: 4m51s
Epoch: 1, Batch: 664, Loss: 0.5937, Elapsed: 7m6s
Epoch: 1, Batch: 665, Loss: 0.5936, Elapsed: 7m46s
Epoch: 1, Batch: 666, Loss: 0.6079, Elapsed: 6m17s
Epoch: 1, Batch: 667, Loss: 0.6229, Elapsed: 7m57s
Epoch: 1, Batch: 668, Loss: 0.5475, Elapsed: 5m24s
Epoch: 1, Batch: 669, Loss: 0.5967, Elapsed: 8m47s
Epoch: 1, Batch: 670, Loss: 0.5993, Elapsed: 16m6s
Epoch: 1, Batch: 671, Loss: 0.5767, Elapsed: 6m56s
Epoch: 1, Batch: 672, Loss: 0.5839, Elapsed: 7m20s
Epoch: 1, Batch: 673, Loss: 0.5479, Elapsed: 6m16s
Epoch: 1, Batch: 674, Loss: 0.5050, Elapsed: 3m42s
Epoch: 1, Batch: 675, Loss: 0.5965, Elapsed: 6m45s
Epoch: 1, Batch: 676, Loss: 0.5354, Elapsed: 3m49s
Epoch: 1, Batch: 677, Loss: 0.5897, Elapsed: 6m0s
Epoch: 1, Batch: 678, Loss: 0.5653, Elapsed: 6m54s
Epoch: 1, Batch: 679, Loss: 0.6261, Elapsed: 5m48s
Epoch: 1, Batch: 680, Loss: 0.5851, Elapsed: 8m31s
Epoch: 1, Batch: 681, Loss: 0.6372, Elapsed: 7m14s
Epoch: 1, Batch: 682, Loss: 0.5626, Elapsed: 4m32s
Epoch: 1, Batch: 683, Loss: 0.5692, Elapsed: 5m24s
Epoch: 1, Batch: 684, Loss: 0.5204, Elapsed: 3m23s
Epoch: 1, Batch: 685, Loss: 0.5228, Elapsed: 2m48s
Epoch: 1, Batch: 686, Loss: 0.5763, Elapsed: 4m50s
Epoch: 1, Batch: 687, Loss: 0.5401, Elapsed: 5m48s
Epoch: 1, Batch: 688, Loss: 0.4702, Elapsed: 3m29s
Epoch: 1, Batch: 689, Loss: 0.5323, Elapsed: 4m56s
Epoch: 1, Batch: 690, Loss: 0.6003, Elapsed: 8m19s
Epoch: 1, Batch: 691, Loss: 0.5775, Elapsed: 6m57s
Epoch: 1, Batch: 692, Loss: 0.6703, Elapsed: 9m51s
Epoch: 1, Batch: 693, Loss: 0.4965, Elapsed: 3m40s
Epoch: 1, Batch: 694, Loss: 0.5361, Elapsed: 6m9s
Epoch: 1, Batch: 695, Loss: 0.5924, Elapsed: 7m34s
Epoch: 1, Batch: 696, Loss: 0.6493, Elapsed: 7m53s
Epoch: 1, Batch: 697, Loss: 0.5586, Elapsed: 5m57s
Epoch: 1, Batch: 698, Loss: 0.6212, Elapsed: 8m2s
Epoch: 1, Batch: 699, Loss: 0.5627, Elapsed: 5m2s
Epoch: 1, Batch: 700, Loss: 0.6023, Elapsed: 4m8s
Epoch: 1, Batch: 701, Loss: 0.5673, Elapsed: 5m39s
Epoch: 1, Batch: 702, Loss: 0.5871, Elapsed: 6m19s
Epoch: 1, Batch: 703, Loss: 0.4982, Elapsed: 4m22s
Epoch: 1, Batch: 704, Loss: 0.6250, Elapsed: 5m21s
Epoch: 1, Batch: 705, Loss: 0.5987, Elapsed: 6m48s
Epoch: 1, Batch: 706, Loss: 0.6123, Elapsed: 6m56s
Epoch: 1, Batch: 707, Loss: 0.5310, Elapsed: 4m36s
Epoch: 1, Batch: 708, Loss: 0.6138, Elapsed: 6m22s
Epoch: 1, Batch: 709, Loss: 0.6154, Elapsed: 9m33s
Epoch: 1, Batch: 710, Loss: 0.5921, Elapsed: 7m57s
Epoch: 1, Batch: 711, Loss: 0.5299, Elapsed: 3m7s
Epoch: 1, Batch: 712, Loss: 0.6070, Elapsed: 3m59s
Epoch: 1, Batch: 713, Loss: 0.6088, Elapsed: 9m0s
Epoch: 1, Batch: 714, Loss: 0.5344, Elapsed: 4m33s
Epoch: 1, Batch: 715, Loss: 0.5508, Elapsed: 4m41s
Epoch: 1, Batch: 716, Loss: 0.5992, Elapsed: 4m35s
Epoch: 1, Batch: 717, Loss: 0.5579, Elapsed: 4m31s
Epoch: 1, Batch: 718, Loss: 0.6033, Elapsed: 5m41s
Epoch: 1, Batch: 719, Loss: 0.6209, Elapsed: 5m51s
Epoch: 1, Batch: 720, Loss: 0.5929, Elapsed: 8m15s
Epoch: 1, Batch: 721, Loss: 0.5881, Elapsed: 6m56s
Epoch: 1, Batch: 722, Loss: 0.6048, Elapsed: 4m31s
Epoch: 1, Batch: 723, Loss: 0.5609, Elapsed: 6m38s
Epoch: 1, Batch: 724, Loss: 0.5983, Elapsed: 6m7s
Epoch: 1, Batch: 725, Loss: 0.5676, Elapsed: 4m9s
Epoch: 1, Batch: 726, Loss: 0.5661, Elapsed: 5m28s
Epoch: 1, Batch: 727, Loss: 0.5566, Elapsed: 4m26s
Epoch: 1, Batch: 728, Loss: 0.5127, Elapsed: 4m12s
Epoch: 1, Batch: 729, Loss: 0.5805, Elapsed: 6m2s
Epoch: 1, Batch: 730, Loss: 0.6159, Elapsed: 9m6s
Epoch: 1, Batch: 731, Loss: 0.5697, Elapsed: 6m14s
Epoch: 1, Batch: 732, Loss: 0.5546, Elapsed: 5m22s
Epoch: 1, Batch: 733, Loss: 0.5518, Elapsed: 5m39s
Epoch: 1, Batch: 734, Loss: 0.5878, Elapsed: 5m43s
Epoch: 1, Batch: 735, Loss: 0.5923, Elapsed: 4m45s
Epoch: 1, Batch: 736, Loss: 0.6165, Elapsed: 9m31s
Epoch: 1, Batch: 737, Loss: 0.6105, Elapsed: 8m57s
Epoch: 1, Batch: 738, Loss: 0.5982, Elapsed: 9m29s
Epoch: 1, Batch: 739, Loss: 0.6302, Elapsed: 8m34s
Epoch: 1, Batch: 740, Loss: 0.5642, Elapsed: 7m34s
Epoch: 1, Batch: 741, Loss: 0.5266, Elapsed: 3m50s
Epoch: 1, Batch: 742, Loss: 0.5911, Elapsed: 9m12s
Epoch: 1, Batch: 743, Loss: 0.5746, Elapsed: 9m14s
Epoch: 1, Batch: 744, Loss: 0.6009, Elapsed: 6m23s
Epoch: 1, Batch: 745, Loss: 0.5935, Elapsed: 9m4s
Epoch: 1, Batch: 746, Loss: 0.5861, Elapsed: 7m41s
Epoch: 1, Batch: 747, Loss: 0.5949, Elapsed: 9m8s
Epoch: 1, Batch: 748, Loss: 0.5993, Elapsed: 9m20s
Epoch: 1, Batch: 749, Loss: 0.5158, Elapsed: 4m16s
Epoch: 1, Batch: 750, Loss: 0.5700, Elapsed: 6m16s
Epoch: 1, Batch: 751, Loss: 0.5679, Elapsed: 6m33s
Epoch: 1, Batch: 752, Loss: 0.4623, Elapsed: 2m50s
Epoch: 1, Batch: 753, Loss: 0.5890, Elapsed: 6m8s
Epoch: 1, Batch: 754, Loss: 0.6272, Elapsed: 6m50s
Epoch: 1, Batch: 755, Loss: 0.5140, Elapsed: 5m16s
Epoch: 1, Batch: 756, Loss: 0.5464, Elapsed: 4m37s
Epoch: 1, Batch: 757, Loss: 0.5649, Elapsed: 6m39s
Epoch: 1, Batch: 758, Loss: 0.6319, Elapsed: 6m8s
Epoch: 1, Batch: 759, Loss: 0.5972, Elapsed: 5m57s
Epoch: 1, Batch: 760, Loss: 0.5749, Elapsed: 4m17s
Epoch: 1, Batch: 761, Loss: 0.5649, Elapsed: 3m34s
Epoch: 1, Batch: 762, Loss: 0.5910, Elapsed: 4m43s
Epoch: 1, Batch: 763, Loss: 0.5861, Elapsed: 5m47s
Epoch: 1, Batch: 764, Loss: 0.5533, Elapsed: 4m10s
Epoch: 1, Batch: 765, Loss: 0.5371, Elapsed: 4m43s
Epoch: 1, Batch: 766, Loss: 0.5561, Elapsed: 4m57s
Epoch: 1, Batch: 767, Loss: 0.4771, Elapsed: 2m44s
Epoch: 1, Batch: 768, Loss: 0.5929, Elapsed: 7m4s
Epoch: 1, Batch: 769, Loss: 0.5872, Elapsed: 5m26s
Epoch: 1, Batch: 770, Loss: 0.5621, Elapsed: 6m41s
Epoch: 1, Batch: 771, Loss: 0.5551, Elapsed: 7m12s
Epoch: 1, Batch: 772, Loss: 0.5824, Elapsed: 7m39s
Epoch: 1, Batch: 773, Loss: 0.5877, Elapsed: 6m42s
Epoch: 1, Batch: 774, Loss: 0.6313, Elapsed: 6m18s
Epoch: 1, Batch: 775, Loss: 0.5037, Elapsed: 4m32s
Epoch: 1, Batch: 776, Loss: 0.6001, Elapsed: 9m32s
Epoch: 1, Batch: 777, Loss: 0.5751, Elapsed: 6m39s
Epoch: 1, Batch: 778, Loss: 0.5595, Elapsed: 5m0s
Epoch: 1, Batch: 779, Loss: 0.6316, Elapsed: 7m39s
Epoch: 1, Batch: 780, Loss: 0.5904, Elapsed: 6m56s
Epoch: 1, Batch: 781, Loss: 0.6156, Elapsed: 10m38s
Epoch: 1, Batch: 782, Loss: 0.5673, Elapsed: 4m59s
Epoch: 1, Batch: 783, Loss: 0.6131, Elapsed: 7m31s
Epoch: 1, Batch: 784, Loss: 0.5770, Elapsed: 8m33s
Epoch: 1, Batch: 785, Loss: 0.5361, Elapsed: 4m41s
Epoch: 1, Batch: 786, Loss: 0.5636, Elapsed: 5m21s
Epoch: 1, Batch: 787, Loss: 0.5106, Elapsed: 2m48s
Epoch: 1, Batch: 788, Loss: 0.6291, Elapsed: 8m18s
Epoch: 1, Batch: 789, Loss: 0.5263, Elapsed: 3m0s
Epoch: 1, Batch: 790, Loss: 0.6123, Elapsed: 11m48s
Epoch: 1, Batch: 791, Loss: 0.5596, Elapsed: 7m10s
Epoch: 1, Batch: 792, Loss: 0.6760, Elapsed: 9m33s
Epoch: 1, Batch: 793, Loss: 0.5553, Elapsed: 6m34s
Epoch: 1, Batch: 794, Loss: 0.5923, Elapsed: 7m35s
Epoch: 1, Batch: 795, Loss: 0.5273, Elapsed: 4m30s
Epoch: 1, Batch: 796, Loss: 0.5902, Elapsed: 8m57s
Epoch: 1, Batch: 797, Loss: 0.5856, Elapsed: 8m29s
Epoch: 1, Batch: 798, Loss: 0.5740, Elapsed: 6m48s
Epoch: 1, Batch: 799, Loss: 0.5920, Elapsed: 7m22s
Epoch: 1, Batch: 800, Loss: 0.6032, Elapsed: 8m38s
Epoch: 1, Batch: 801, Loss: 0.6333, Elapsed: 6m49s
Epoch: 1, Batch: 802, Loss: 0.5741, Elapsed: 5m56s
Epoch: 1, Batch: 803, Loss: 0.6524, Elapsed: 7m55s
Epoch: 1, Batch: 804, Loss: 0.5881, Elapsed: 6m14s
Epoch: 1, Batch: 805, Loss: 0.6027, Elapsed: 7m16s
Epoch: 1, Batch: 806, Loss: 0.6258, Elapsed: 10m40s
Epoch: 1, Batch: 807, Loss: 0.5616, Elapsed: 5m1s
Epoch: 1, Batch: 808, Loss: 0.5629, Elapsed: 6m11s
Epoch: 1, Batch: 809, Loss: 0.6330, Elapsed: 10m29s
Epoch: 1, Batch: 810, Loss: 0.5902, Elapsed: 6m46s
Epoch: 1, Batch: 811, Loss: 0.6280, Elapsed: 6m58s
Epoch: 1, Batch: 812, Loss: 0.5601, Elapsed: 5m47s
Epoch: 1, Batch: 813, Loss: 0.5311, Elapsed: 4m48s
Epoch: 1, Batch: 814, Loss: 0.5940, Elapsed: 8m51s
Epoch: 1, Batch: 815, Loss: 0.4949, Elapsed: 3m36s
Epoch: 1, Batch: 816, Loss: 0.5754, Elapsed: 5m28s
Epoch: 1, Batch: 817, Loss: 0.6003, Elapsed: 8m58s
Epoch: 1, Batch: 818, Loss: 0.5606, Elapsed: 6m26s
Epoch: 1, Batch: 819, Loss: 0.5994, Elapsed: 6m17s
Epoch: 1, Batch: 820, Loss: 0.5768, Elapsed: 7m50s
Epoch: 1, Batch: 821, Loss: 0.5403, Elapsed: 3m59s
Epoch: 1, Batch: 822, Loss: 0.5862, Elapsed: 5m50s
Epoch: 1, Batch: 823, Loss: 0.5827, Elapsed: 6m13s
Epoch: 1, Batch: 824, Loss: 0.6318, Elapsed: 6m43s
Epoch: 1, Batch: 825, Loss: 0.5514, Elapsed: 3m51s
Epoch: 1, Batch: 826, Loss: 0.5970, Elapsed: 10m20s
Epoch: 1, Batch: 827, Loss: 0.6495, Elapsed: 10m47s
Epoch: 1, Batch: 828, Loss: 0.6091, Elapsed: 10m23s
Epoch: 1, Batch: 829, Loss: 0.5812, Elapsed: 6m37s
Epoch: 1, Batch: 830, Loss: 0.6236, Elapsed: 11m23s
Epoch: 1, Batch: 831, Loss: 0.5743, Elapsed: 5m39s
Epoch: 1, Batch: 832, Loss: 0.5875, Elapsed: 7m33s
Epoch: 1, Batch: 833, Loss: 0.6414, Elapsed: 7m17s
Epoch: 1, Batch: 834, Loss: 0.5715, Elapsed: 8m17s
Epoch: 1, Batch: 835, Loss: 0.5840, Elapsed: 6m46s
Epoch: 1, Batch: 836, Loss: 0.6098, Elapsed: 9m2s
Epoch: 1, Batch: 837, Loss: 0.5583, Elapsed: 6m50s
Epoch: 1, Batch: 838, Loss: 0.5666, Elapsed: 3m21s
Epoch: 1, Batch: 839, Loss: 0.6232, Elapsed: 6m7s
Epoch: 1, Batch: 840, Loss: 0.5589, Elapsed: 5m34s
Epoch: 1, Batch: 841, Loss: 0.5680, Elapsed: 6m51s
Epoch: 1, Batch: 842, Loss: 0.5687, Elapsed: 5m41s
Epoch: 1, Batch: 843, Loss: 0.5939, Elapsed: 6m8s
Epoch: 1, Batch: 844, Loss: 0.5752, Elapsed: 6m26s
Epoch: 1, Batch: 845, Loss: 0.6462, Elapsed: 6m14s
Epoch: 1, Batch: 846, Loss: 0.5954, Elapsed: 7m39s
Epoch: 1, Batch: 847, Loss: 0.5905, Elapsed: 8m20s
Epoch: 1, Batch: 848, Loss: 0.5794, Elapsed: 8m2s
Epoch: 1, Batch: 849, Loss: 0.5616, Elapsed: 5m24s
Epoch: 1, Batch: 850, Loss: 0.5870, Elapsed: 5m59s
Epoch: 1, Batch: 851, Loss: 0.6108, Elapsed: 5m53s
Epoch: 1, Batch: 852, Loss: 0.5621, Elapsed: 5m50s
Epoch: 1, Batch: 853, Loss: 0.6361, Elapsed: 6m49s
Epoch: 1, Batch: 854, Loss: 0.5959, Elapsed: 6m39s
Epoch: 1, Batch: 855, Loss: 0.5901, Elapsed: 6m18s
Epoch: 1, Batch: 856, Loss: 0.5876, Elapsed: 4m35s
Epoch: 1, Batch: 857, Loss: 0.5215, Elapsed: 3m23s
Epoch: 1, Batch: 858, Loss: 0.5875, Elapsed: 6m56s
Epoch: 1, Batch: 859, Loss: 0.5749, Elapsed: 7m29s
Epoch: 1, Batch: 860, Loss: 0.5730, Elapsed: 5m52s
Epoch: 1, Batch: 861, Loss: 0.6330, Elapsed: 6m25s
Epoch: 1, Batch: 862, Loss: 0.4792, Elapsed: 3m3s
Epoch: 1, Batch: 863, Loss: 0.5967, Elapsed: 5m58s
Epoch: 1, Batch: 864, Loss: 0.5439, Elapsed: 3m3s
Epoch: 1, Batch: 865, Loss: 0.5056, Elapsed: 2m55s
Epoch: 1, Batch: 866, Loss: 0.5636, Elapsed: 7m9s
Epoch: 1, Batch: 867, Loss: 0.6035, Elapsed: 6m25s
Epoch: 1, Batch: 868, Loss: 0.5344, Elapsed: 5m8s
Epoch: 1, Batch: 869, Loss: 0.6161, Elapsed: 5m45s
Epoch: 1, Batch: 870, Loss: 0.5527, Elapsed: 5m49s
Epoch: 1, Batch: 871, Loss: 0.5726, Elapsed: 5m55s
Epoch: 1, Batch: 872, Loss: 0.5709, Elapsed: 5m5s
Epoch: 1, Batch: 873, Loss: 0.5202, Elapsed: 2m26s
Epoch: 1, Batch: 874, Loss: 0.5886, Elapsed: 4m36s
Epoch: 1, Batch: 875, Loss: 0.5629, Elapsed: 6m47s
Epoch: 1, Batch: 876, Loss: 0.6381, Elapsed: 8m16s
Epoch: 1, Batch: 877, Loss: 0.4563, Elapsed: 3m10s
Epoch: 1, Batch: 878, Loss: 0.5823, Elapsed: 7m16s
Epoch: 1, Batch: 879, Loss: 0.4662, Elapsed: 3m3s
Epoch: 1, Batch: 880, Loss: 0.5400, Elapsed: 5m49s
Epoch: 1, Batch: 881, Loss: 0.5727, Elapsed: 6m12s
Epoch: 1, Batch: 882, Loss: 0.6020, Elapsed: 11m54s
Epoch: 1, Batch: 883, Loss: 0.5635, Elapsed: 7m58s
Epoch: 1, Batch: 884, Loss: 0.5791, Elapsed: 6m23s
Epoch: 1, Batch: 885, Loss: 0.5987, Elapsed: 7m35s
Epoch: 1, Batch: 886, Loss: 0.5545, Elapsed: 6m15s
Epoch: 1, Batch: 887, Loss: 0.5696, Elapsed: 7m15s
Epoch: 1, Batch: 888, Loss: 0.5407, Elapsed: 4m37s
Epoch: 1, Batch: 889, Loss: 0.6050, Elapsed: 7m59s
Epoch: 1, Batch: 890, Loss: 0.5541, Elapsed: 6m45s
Epoch: 1, Batch: 891, Loss: 0.5917, Elapsed: 9m49s
Epoch: 1, Batch: 892, Loss: 0.5742, Elapsed: 4m36s
Epoch: 1, Batch: 893, Loss: 0.5812, Elapsed: 9m55s
Epoch: 1, Batch: 894, Loss: 0.5875, Elapsed: 5m23s
Epoch: 1, Batch: 895, Loss: 0.5736, Elapsed: 6m8s
Epoch: 1, Batch: 896, Loss: 0.6093, Elapsed: 7m13s
Epoch: 1, Batch: 897, Loss: 0.5632, Elapsed: 4m35s
Epoch: 1, Batch: 898, Loss: 0.5744, Elapsed: 10m1s
Epoch: 1, Batch: 899, Loss: 0.6585, Elapsed: 8m21s
Epoch: 1, Batch: 900, Loss: 0.5723, Elapsed: 5m43s
Epoch: 1, Batch: 901, Loss: 0.5822, Elapsed: 8m20s
Epoch: 1, Batch: 902, Loss: 0.6130, Elapsed: 8m26s
Epoch: 1, Batch: 903, Loss: 0.5682, Elapsed: 5m16s
Epoch: 1, Batch: 904, Loss: 0.5825, Elapsed: 5m23s
Epoch: 1, Batch: 905, Loss: 0.6039, Elapsed: 5m36s
Epoch: 1, Batch: 906, Loss: 0.5586, Elapsed: 3m31s
Epoch: 1, Batch: 907, Loss: 0.6028, Elapsed: 4m31s
Epoch: 1, Batch: 908, Loss: 0.6495, Elapsed: 4m23s
Epoch: 1, Batch: 909, Loss: 0.6089, Elapsed: 7m24s
Epoch: 1, Batch: 910, Loss: 0.5792, Elapsed: 7m35s
Epoch: 1, Batch: 911, Loss: 0.5891, Elapsed: 5m52s
Epoch: 1, Batch: 912, Loss: 0.5332, Elapsed: 4m46s
Epoch: 1, Batch: 913, Loss: 0.6025, Elapsed: 8m10s
Epoch: 1, Batch: 914, Loss: 0.5643, Elapsed: 6m23s
Epoch: 1, Batch: 915, Loss: 0.5603, Elapsed: 5m35s
Epoch: 1, Batch: 916, Loss: 0.5779, Elapsed: 9m11s
Epoch: 1, Batch: 917, Loss: 0.5690, Elapsed: 4m39s
Epoch: 1, Batch: 918, Loss: 0.5542, Elapsed: 4m36s
Epoch: 1, Batch: 919, Loss: 0.5939, Elapsed: 8m36s
Epoch: 1, Batch: 920, Loss: 0.6302, Elapsed: 6m17s
Epoch: 1, Batch: 921, Loss: 0.5865, Elapsed: 5m9s
Epoch: 1, Batch: 922, Loss: 0.5541, Elapsed: 6m21s
Epoch: 1, Batch: 923, Loss: 0.6431, Elapsed: 9m10s
Epoch: 1, Batch: 924, Loss: 0.5746, Elapsed: 5m53s
Epoch: 1, Batch: 925, Loss: 0.5445, Elapsed: 5m12s
Epoch: 1, Batch: 926, Loss: 0.5632, Elapsed: 7m59s
Epoch: 1, Batch: 927, Loss: 0.5112, Elapsed: 3m55s
Epoch: 1, Batch: 928, Loss: 0.4955, Elapsed: 3m57s
Epoch: 1, Batch: 929, Loss: 0.5561, Elapsed: 5m19s
Epoch: 1, Batch: 930, Loss: 0.5961, Elapsed: 7m54s
Epoch: 1, Batch: 931, Loss: 0.5672, Elapsed: 6m37s
Epoch: 1, Batch: 932, Loss: 0.5424, Elapsed: 9m16s
Epoch: 1, Batch: 933, Loss: 0.6034, Elapsed: 7m33s
Epoch: 1, Batch: 934, Loss: 0.5637, Elapsed: 6m19s
Epoch: 1, Batch: 935, Loss: 0.5738, Elapsed: 9m0s
Epoch: 1, Batch: 936, Loss: 0.5935, Elapsed: 10m26s
Epoch: 1, Batch: 937, Loss: 0.4643, Elapsed: 3m44s
Epoch: 1, Batch: 938, Loss: 0.4589, Elapsed: 3m5s
Epoch: 1, Batch: 939, Loss: 0.5757, Elapsed: 5m29s
Epoch: 1, Batch: 940, Loss: 0.5945, Elapsed: 5m3s
Epoch: 1, Batch: 941, Loss: 0.6312, Elapsed: 7m47s
Epoch: 1, Batch: 942, Loss: 0.5949, Elapsed: 27m37s
Epoch: 1, Batch: 943, Loss: 0.6463, Elapsed: 8m45s
Epoch: 1, Batch: 944, Loss: 0.6148, Elapsed: 11m1s
Epoch: 1, Batch: 945, Loss: 0.5419, Elapsed: 4m51s
Epoch: 1, Batch: 946, Loss: 0.5993, Elapsed: 8m25s
Epoch: 1, Batch: 947, Loss: 0.6025, Elapsed: 7m32s
Epoch: 1, Batch: 948, Loss: 0.5539, Elapsed: 6m22s
Epoch: 1, Batch: 949, Loss: 0.6292, Elapsed: 7m29s
Epoch: 1, Batch: 950, Loss: 0.6002, Elapsed: 7m21s
Epoch: 1, Batch: 951, Loss: 0.5691, Elapsed: 6m42s
Epoch: 1, Batch: 952, Loss: 0.6050, Elapsed: 8m36s
Epoch: 1, Batch: 953, Loss: 0.6210, Elapsed: 7m25s
Epoch: 1, Batch: 954, Loss: 0.6587, Elapsed: 6m41s
Epoch: 1, Batch: 955, Loss: 0.5783, Elapsed: 5m15s
Epoch: 1, Batch: 956, Loss: 0.5379, Elapsed: 5m5s
Epoch: 1, Batch: 957, Loss: 0.5471, Elapsed: 5m0s
Epoch: 1, Batch: 958, Loss: 0.6036, Elapsed: 6m15s
Epoch: 1, Batch: 959, Loss: 0.5877, Elapsed: 7m23s
Epoch: 1, Batch: 960, Loss: 0.5899, Elapsed: 5m17s
Epoch: 1, Batch: 961, Loss: 0.5786, Elapsed: 6m44s
Epoch: 1, Batch: 962, Loss: 0.6145, Elapsed: 8m53s
Epoch: 1, Batch: 963, Loss: 0.5889, Elapsed: 7m54s
Epoch: 1, Batch: 964, Loss: 0.5662, Elapsed: 5m19s
Epoch: 1, Batch: 965, Loss: 0.6080, Elapsed: 5m14s
Epoch: 1, Batch: 966, Loss: 0.6211, Elapsed: 7m35s
Epoch: 1, Batch: 967, Loss: 0.5960, Elapsed: 5m44s
Epoch: 1, Batch: 968, Loss: 0.6279, Elapsed: 6m3s
Epoch: 1, Batch: 969, Loss: 0.5967, Elapsed: 6m38s
Epoch: 1, Batch: 970, Loss: 0.5655, Elapsed: 8m43s
Epoch: 1, Batch: 971, Loss: 0.6010, Elapsed: 6m32s
Epoch: 1, Batch: 972, Loss: 0.5997, Elapsed: 8m19s
Epoch: 1, Batch: 973, Loss: 0.5936, Elapsed: 4m52s
Epoch: 1, Batch: 974, Loss: 0.5850, Elapsed: 6m55s
Epoch: 1, Batch: 975, Loss: 0.6071, Elapsed: 7m28s
Epoch: 1, Batch: 976, Loss: 0.5612, Elapsed: 6m24s
Epoch: 1, Batch: 977, Loss: 0.5631, Elapsed: 5m13s
Epoch: 1, Batch: 978, Loss: 0.4871, Elapsed: 3m42s
Epoch: 1, Batch: 979, Loss: 0.6169, Elapsed: 8m53s
Epoch: 1, Batch: 980, Loss: 0.5668, Elapsed: 4m45s
Epoch: 1, Batch: 981, Loss: 0.5291, Elapsed: 5m18s
Epoch: 1, Batch: 982, Loss: 0.5710, Elapsed: 7m32s
Epoch: 1, Batch: 983, Loss: 0.5947, Elapsed: 8m29s
Epoch: 1, Batch: 984, Loss: 0.5638, Elapsed: 4m57s
Epoch: 1, Batch: 985, Loss: 0.5518, Elapsed: 5m49s
Epoch: 1, Batch: 986, Loss: 0.6255, Elapsed: 7m48s
Epoch: 1, Batch: 987, Loss: 0.5921, Elapsed: 8m12s
Epoch: 1, Batch: 988, Loss: 0.5776, Elapsed: 5m42s
Epoch: 1, Batch: 989, Loss: 0.5606, Elapsed: 5m0s
Epoch: 1, Batch: 990, Loss: 0.5907, Elapsed: 8m14s
Epoch: 1, Batch: 991, Loss: 0.5372, Elapsed: 5m4s
Epoch: 1, Batch: 992, Loss: 0.6128, Elapsed: 9m32s
Epoch: 1, Batch: 993, Loss: 0.5723, Elapsed: 4m45s
Epoch: 1, Batch: 994, Loss: 0.5756, Elapsed: 7m4s
Epoch: 1, Batch: 995, Loss: 0.5859, Elapsed: 5m5s
Epoch: 1, Batch: 996, Loss: 0.4727, Elapsed: 3m14s
Epoch: 1, Batch: 997, Loss: 0.6250, Elapsed: 11m56s
Epoch: 1, Batch: 998, Loss: 0.5616, Elapsed: 4m49s
Epoch: 1, Batch: 999, Loss: 0.5774, Elapsed: 6m36s
Epoch: 1, Batch: 1000, Loss: 0.6010, Elapsed: 7m5s
Epoch: 1, Batch: 1001, Loss: 0.4563, Elapsed: 3m17s
Epoch: 1, Batch: 1002, Loss: 0.5278, Elapsed: 4m16s
Epoch: 1, Batch: 1003, Loss: 0.5375, Elapsed: 5m3s
Epoch: 1, Batch: 1004, Loss: 0.5710, Elapsed: 6m32s
Epoch: 1, Batch: 1005, Loss: 0.6063, Elapsed: 7m49s
Epoch: 1, Batch: 1006, Loss: 0.4972, Elapsed: 3m29s
Epoch: 1, Batch: 1007, Loss: 0.5492, Elapsed: 4m33s
Epoch: 1, Batch: 1008, Loss: 0.4727, Elapsed: 4m42s
Epoch: 1, Batch: 1009, Loss: 0.5387, Elapsed: 5m12s
Epoch: 1, Batch: 1010, Loss: 0.5375, Elapsed: 6m32s
Epoch: 1, Batch: 1011, Loss: 0.5795, Elapsed: 5m22s
Epoch: 1, Batch: 1012, Loss: 0.5366, Elapsed: 4m33s
Epoch: 1, Batch: 1013, Loss: 0.5973, Elapsed: 6m14s
Epoch: 1, Batch: 1014, Loss: 0.5604, Elapsed: 7m36s
Epoch: 1, Batch: 1015, Loss: 0.5914, Elapsed: 6m30s
Epoch: 1, Batch: 1016, Loss: 0.5962, Elapsed: 8m36s
Epoch: 1, Batch: 1017, Loss: 0.6060, Elapsed: 7m4s
Epoch: 1, Batch: 1018, Loss: 0.5436, Elapsed: 6m40s
Epoch: 1, Batch: 1019, Loss: 0.6228, Elapsed: 9m16s
Epoch: 1, Batch: 1020, Loss: 0.6264, Elapsed: 9m14s
Epoch: 1, Batch: 1021, Loss: 0.6241, Elapsed: 9m9s
Epoch: 1, Batch: 1022, Loss: 0.5748, Elapsed: 7m20s
Epoch: 1, Batch: 1023, Loss: 0.5965, Elapsed: 5m22s
Epoch: 1, Batch: 1024, Loss: 0.6083, Elapsed: 8m33s
Epoch: 1, Batch: 1025, Loss: 0.5747, Elapsed: 6m1s
Epoch: 1, Batch: 1026, Loss: 0.5734, Elapsed: 5m32s
Epoch: 1, Batch: 1027, Loss: 0.5556, Elapsed: 6m41s
Epoch: 1, Batch: 1028, Loss: 0.6344, Elapsed: 8m40s
Epoch: 1, Batch: 1029, Loss: 0.5324, Elapsed: 5m10s
Epoch: 1, Batch: 1030, Loss: 0.5614, Elapsed: 7m21s
Epoch: 1, Batch: 1031, Loss: 0.5171, Elapsed: 5m12s
Epoch: 1, Batch: 1032, Loss: 0.5838, Elapsed: 9m21s
Epoch: 1, Batch: 1033, Loss: 0.6004, Elapsed: 4m13s
Epoch: 1, Batch: 1034, Loss: 0.6206, Elapsed: 7m45s
Epoch: 1, Batch: 1035, Loss: 0.5481, Elapsed: 4m45s
Epoch: 1, Batch: 1036, Loss: 0.5734, Elapsed: 6m58s
Epoch: 1, Batch: 1037, Loss: 0.5815, Elapsed: 6m54s
Epoch: 1, Batch: 1038, Loss: 0.5861, Elapsed: 8m1s
Epoch: 1, Batch: 1039, Loss: 0.5213, Elapsed: 4m16s
Epoch: 1, Batch: 1040, Loss: 0.5741, Elapsed: 8m51s
Epoch: 1, Batch: 1041, Loss: 0.5644, Elapsed: 5m17s
Epoch: 1, Batch: 1042, Loss: 0.4955, Elapsed: 3m31s
Epoch: 1, Batch: 1043, Loss: 0.5960, Elapsed: 7m16s
Epoch: 1, Batch: 1044, Loss: 0.6392, Elapsed: 7m28s
Epoch: 1, Batch: 1045, Loss: 0.6227, Elapsed: 8m0s
Epoch: 1, Batch: 1046, Loss: 0.6147, Elapsed: 8m53s
Epoch: 1, Batch: 1047, Loss: 0.6030, Elapsed: 5m37s
Epoch: 1, Batch: 1048, Loss: 0.6151, Elapsed: 7m51s
Epoch: 1, Batch: 1049, Loss: 0.6218, Elapsed: 5m40s
Epoch: 1, Batch: 1050, Loss: 0.5554, Elapsed: 4m43s
Epoch: 1, Batch: 1051, Loss: 0.6056, Elapsed: 7m18s
Epoch: 1, Batch: 1052, Loss: 0.5835, Elapsed: 7m18s
Epoch: 1, Batch: 1053, Loss: 0.5743, Elapsed: 8m0s
Epoch: 1, Batch: 1054, Loss: 0.5471, Elapsed: 5m38s
Epoch: 1, Batch: 1055, Loss: 0.4936, Elapsed: 4m25s
Epoch: 1, Batch: 1056, Loss: 0.6277, Elapsed: 5m30s
Epoch: 1, Batch: 1057, Loss: 0.5633, Elapsed: 5m16s
Epoch: 1, Batch: 1058, Loss: 0.5536, Elapsed: 3m51s
Epoch: 1, Batch: 1059, Loss: 0.5524, Elapsed: 6m9s
Epoch: 1, Batch: 1060, Loss: 0.5423, Elapsed: 4m34s
Epoch: 1, Batch: 1061, Loss: 0.5716, Elapsed: 6m2s
Epoch: 1, Batch: 1062, Loss: 0.5754, Elapsed: 6m18s
Epoch: 1, Batch: 1063, Loss: 0.5847, Elapsed: 8m10s
Epoch: 1, Batch: 1064, Loss: 0.5726, Elapsed: 6m13s
Epoch: 1, Batch: 1065, Loss: 0.5489, Elapsed: 5m13s
Epoch: 1, Batch: 1066, Loss: 0.5383, Elapsed: 3m42s
Epoch: 1, Batch: 1067, Loss: 0.5542, Elapsed: 6m21s
Epoch: 1, Batch: 1068, Loss: 0.5611, Elapsed: 6m39s
Epoch: 1, Batch: 1069, Loss: 0.5222, Elapsed: 4m57s
Epoch: 1, Batch: 1070, Loss: 0.5626, Elapsed: 5m42s
Epoch: 1, Batch: 1071, Loss: 0.5527, Elapsed: 5m54s
Epoch: 1, Batch: 1072, Loss: 0.5414, Elapsed: 6m46s
Epoch: 1, Batch: 1073, Loss: 0.5446, Elapsed: 5m37s
Epoch: 1, Batch: 1074, Loss: 0.5347, Elapsed: 5m30s
Epoch: 1, Batch: 1075, Loss: 0.6282, Elapsed: 6m50s
Epoch: 1, Batch: 1076, Loss: 0.5820, Elapsed: 7m31s
Epoch: 1, Batch: 1077, Loss: 0.5348, Elapsed: 4m36s
Epoch: 1, Batch: 1078, Loss: 0.4990, Elapsed: 4m5s
Epoch: 1, Batch: 1079, Loss: 0.5028, Elapsed: 3m35s
Epoch: 1, Batch: 1080, Loss: 0.6201, Elapsed: 6m0s
Epoch: 1, Batch: 1081, Loss: 0.6284, Elapsed: 10m0s
Epoch: 1, Batch: 1082, Loss: 0.5553, Elapsed: 6m19s
Epoch: 1, Batch: 1083, Loss: 0.5740, Elapsed: 5m58s
Epoch: 1, Batch: 1084, Loss: 0.5258, Elapsed: 4m49s
Epoch: 1, Batch: 1085, Loss: 0.5873, Elapsed: 8m17s
Epoch: 1, Batch: 1086, Loss: 0.5801, Elapsed: 4m39s
Epoch: 1, Batch: 1087, Loss: 0.6018, Elapsed: 6m41s
Epoch: 1, Batch: 1088, Loss: 0.5834, Elapsed: 5m15s
Epoch: 1, Batch: 1089, Loss: 0.5838, Elapsed: 7m33s
Epoch: 1, Batch: 1090, Loss: 0.6087, Elapsed: 5m39s
Epoch: 1, Batch: 1091, Loss: 0.5572, Elapsed: 5m15s
Epoch: 1, Batch: 1092, Loss: 0.5105, Elapsed: 3m6s
Epoch: 1, Batch: 1093, Loss: 0.6006, Elapsed: 8m20s
Epoch: 1, Batch: 1094, Loss: 0.5398, Elapsed: 4m32s
Epoch: 1, Batch: 1095, Loss: 0.5606, Elapsed: 10m18s
Epoch: 1, Batch: 1096, Loss: 0.5548, Elapsed: 5m15s
Epoch: 1, Batch: 1097, Loss: 0.5528, Elapsed: 6m14s
Epoch: 1, Batch: 1098, Loss: 0.5799, Elapsed: 4m55s
Epoch: 1, Batch: 1099, Loss: 0.5283, Elapsed: 4m34s
Epoch: 1, Batch: 1100, Loss: 0.6001, Elapsed: 5m23s
Epoch: 1, Batch: 1101, Loss: 0.5686, Elapsed: 4m40s
Epoch: 1, Batch: 1102, Loss: 0.5897, Elapsed: 8m26s
Epoch: 1, Batch: 1103, Loss: 0.6130, Elapsed: 9m33s
Epoch: 1, Batch: 1104, Loss: 0.5722, Elapsed: 7m34s
Epoch: 1, Batch: 1105, Loss: 0.5882, Elapsed: 6m27s
Epoch: 1, Batch: 1106, Loss: 0.6236, Elapsed: 6m26s
Epoch: 1, Batch: 1107, Loss: 0.5075, Elapsed: 4m6s
Epoch: 1, Batch: 1108, Loss: 0.5803, Elapsed: 6m39s
Epoch: 1, Batch: 1109, Loss: 0.5656, Elapsed: 5m46s
Epoch: 1, Batch: 1110, Loss: 0.6073, Elapsed: 6m36s
Epoch: 1, Batch: 1111, Loss: 0.5829, Elapsed: 4m44s
Epoch: 1, Batch: 1112, Loss: 0.5633, Elapsed: 8m53s
Epoch: 1, Batch: 1113, Loss: 0.5840, Elapsed: 7m35s
Epoch: 1, Batch: 1114, Loss: 0.5599, Elapsed: 6m47s
Epoch: 1, Batch: 1115, Loss: 0.5759, Elapsed: 8m48s
Epoch: 1, Batch: 1116, Loss: 0.5840, Elapsed: 8m14s
Epoch: 1, Batch: 1117, Loss: 0.6124, Elapsed: 5m54s
Epoch: 1, Batch: 1118, Loss: 0.5645, Elapsed: 5m25s
Epoch: 1, Batch: 1119, Loss: 0.4871, Elapsed: 4m0s
Epoch: 1, Batch: 1120, Loss: 0.5847, Elapsed: 6m37s
Epoch: 1, Batch: 1121, Loss: 0.5301, Elapsed: 5m59s
Epoch: 1, Batch: 1122, Loss: 0.5521, Elapsed: 5m16s
Epoch: 1, Batch: 1123, Loss: 0.5433, Elapsed: 4m9s
Epoch: 1, Batch: 1124, Loss: 0.5474, Elapsed: 5m12s
Epoch: 1, Batch: 1125, Loss: 0.5145, Elapsed: 3m56s
Epoch: 1, Batch: 1126, Loss: 0.6330, Elapsed: 9m44s
Epoch: 1, Batch: 1127, Loss: 0.5862, Elapsed: 6m40s
Epoch: 1, Batch: 1128, Loss: 0.5464, Elapsed: 4m49s
Epoch: 1, Batch: 1129, Loss: 0.6106, Elapsed: 9m8s
Epoch: 1, Batch: 1130, Loss: 0.5728, Elapsed: 5m46s
Epoch: 1, Batch: 1131, Loss: 0.6106, Elapsed: 8m12s
Epoch: 1, Batch: 1132, Loss: 0.5861, Elapsed: 7m31s
Epoch: 1, Batch: 1133, Loss: 0.5773, Elapsed: 6m43s
Epoch: 1, Batch: 1134, Loss: 0.6179, Elapsed: 8m24s
Epoch: 1, Batch: 1135, Loss: 0.5837, Elapsed: 8m55s
Epoch: 1, Batch: 1136, Loss: 0.6194, Elapsed: 18m31s
Epoch: 1, Batch: 1137, Loss: 0.5709, Elapsed: 8m44s
Epoch: 1, Batch: 1138, Loss: 0.5572, Elapsed: 14m28s
Epoch: 1, Batch: 1139, Loss: 0.5778, Elapsed: 19m24s
Epoch: 1, Batch: 1140, Loss: 0.5821, Elapsed: 13m33s
Epoch: 1, Batch: 1141, Loss: 0.5418, Elapsed: 7m55s
Epoch: 1, Batch: 1142, Loss: 0.4912, Elapsed: 5m37s
Epoch: 1, Batch: 1143, Loss: 0.5401, Elapsed: 8m29s
Epoch: 1, Batch: 1144, Loss: 0.6026, Elapsed: 10m14s
Epoch: 1, Batch: 1145, Loss: 0.5818, Elapsed: 7m47s
Epoch: 1, Batch: 1146, Loss: 0.5722, Elapsed: 5m45s
Epoch: 1, Batch: 1147, Loss: 0.5579, Elapsed: 5m38s
Epoch: 1, Batch: 1148, Loss: 0.5803, Elapsed: 5m36s
Epoch: 1, Batch: 1149, Loss: 0.5956, Elapsed: 10m57s
Epoch: 1, Batch: 1150, Loss: 0.5487, Elapsed: 5m54s
Epoch: 1, Batch: 1151, Loss: 0.5986, Elapsed: 5m51s
Epoch: 1, Batch: 1152, Loss: 0.6008, Elapsed: 8m46s
Epoch: 1, Batch: 1153, Loss: 0.5820, Elapsed: 7m15s
Epoch: 1, Batch: 1154, Loss: 0.5320, Elapsed: 4m20s
Epoch: 1, Batch: 1155, Loss: 0.5285, Elapsed: 4m30s
Epoch: 1, Batch: 1156, Loss: 0.5232, Elapsed: 3m27s
Epoch: 1, Batch: 1157, Loss: 0.6100, Elapsed: 12m5s
Epoch: 1, Batch: 1158, Loss: 0.5533, Elapsed: 11m16s
Epoch: 1, Batch: 1159, Loss: 0.5716, Elapsed: 11m41s
Epoch: 1, Batch: 1160, Loss: 0.6016, Elapsed: 8m2s
Epoch: 1, Batch: 1161, Loss: 0.5484, Elapsed: 8m0s
Epoch: 1, Batch: 1162, Loss: 0.5779, Elapsed: 8m8s
Epoch: 1, Batch: 1163, Loss: 0.5848, Elapsed: 9m39s
Epoch: 1, Batch: 1164, Loss: 0.4895, Elapsed: 8m15s
Epoch: 1, Batch: 1165, Loss: 0.5361, Elapsed: 8m51s
Epoch: 1, Batch: 1166, Loss: 0.5934, Elapsed: 12m30s
Epoch: 1, Batch: 1167, Loss: 0.5362, Elapsed: 7m19s
Epoch: 1, Batch: 1168, Loss: 0.5260, Elapsed: 5m58s
Epoch: 1, Batch: 1169, Loss: 0.5387, Elapsed: 7m35s
Epoch: 1, Batch: 1170, Loss: 0.5942, Elapsed: 10m21s
Epoch: 1, Batch: 1171, Loss: 0.5893, Elapsed: 10m25s
