Epoch: 1, Batch: 1, Loss: 0.8821, Elapsed: 6m6s
Epoch: 1, Batch: 2, Loss: 0.8448, Elapsed: 6m7s
Epoch: 1, Batch: 3, Loss: 0.9352, Elapsed: 3m56s
Epoch: 1, Batch: 4, Loss: 0.7890, Elapsed: 4m23s
Epoch: 1, Batch: 5, Loss: 0.7748, Elapsed: 5m17s
Epoch: 1, Batch: 6, Loss: 0.7602, Elapsed: 7m34s
Epoch: 1, Batch: 7, Loss: 0.8136, Elapsed: 8m41s
Epoch: 1, Batch: 8, Loss: 0.7401, Elapsed: 8m57s
Epoch: 1, Batch: 9, Loss: 0.8136, Elapsed: 10m14s
Epoch: 1, Batch: 10, Loss: 0.7427, Elapsed: 5m36s
Epoch: 1, Batch: 11, Loss: 0.7781, Elapsed: 5m38s
Epoch: 1, Batch: 12, Loss: 0.7342, Elapsed: 8m7s
Epoch: 1, Batch: 13, Loss: 0.7240, Elapsed: 7m17s
Epoch: 1, Batch: 14, Loss: 0.7063, Elapsed: 10m51s
Epoch: 1, Batch: 15, Loss: 0.7051, Elapsed: 9m12s
Epoch: 1, Batch: 16, Loss: 0.7290, Elapsed: 7m39s
Epoch: 1, Batch: 17, Loss: 0.7510, Elapsed: 4m12s
Epoch: 1, Batch: 18, Loss: 0.6956, Elapsed: 6m15s
Epoch: 1, Batch: 19, Loss: 0.6932, Elapsed: 6m43s
Epoch: 1, Batch: 20, Loss: 0.7060, Elapsed: 5m35s
Epoch: 1, Batch: 21, Loss: 0.6785, Elapsed: 5m52s
Epoch: 1, Batch: 22, Loss: 0.6963, Elapsed: 6m17s
Epoch: 1, Batch: 23, Loss: 0.6901, Elapsed: 4m53s
Epoch: 1, Batch: 24, Loss: 0.6875, Elapsed: 5m5s
Epoch: 1, Batch: 25, Loss: 0.6772, Elapsed: 8m37s
Epoch: 1, Batch: 26, Loss: 0.6819, Elapsed: 6m11s
Epoch: 1, Batch: 27, Loss: 0.6924, Elapsed: 6m39s
Epoch: 1, Batch: 28, Loss: 0.6764, Elapsed: 6m47s
Epoch: 1, Batch: 29, Loss: 0.6611, Elapsed: 7m30s
Epoch: 1, Batch: 30, Loss: 0.6854, Elapsed: 8m2s
Epoch: 1, Batch: 31, Loss: 0.6743, Elapsed: 5m29s
Epoch: 1, Batch: 32, Loss: 0.6837, Elapsed: 7m58s
Epoch: 1, Batch: 33, Loss: 0.6618, Elapsed: 4m34s
Epoch: 1, Batch: 34, Loss: 0.6600, Elapsed: 5m31s
Epoch: 1, Batch: 35, Loss: 0.6856, Elapsed: 7m41s
Epoch: 1, Batch: 36, Loss: 0.6490, Elapsed: 6m41s
Epoch: 1, Batch: 37, Loss: 0.6404, Elapsed: 5m7s
Epoch: 1, Batch: 38, Loss: 0.6574, Elapsed: 9m7s
Epoch: 1, Batch: 39, Loss: 0.6775, Elapsed: 9m10s
Epoch: 1, Batch: 40, Loss: 0.6636, Elapsed: 7m59s
Epoch: 1, Batch: 41, Loss: 0.6724, Elapsed: 10m52s
Epoch: 1, Batch: 42, Loss: 0.6371, Elapsed: 6m31s
Epoch: 1, Batch: 43, Loss: 0.6354, Elapsed: 6m31s
Epoch: 1, Batch: 44, Loss: 0.6487, Elapsed: 6m25s
Epoch: 1, Batch: 45, Loss: 0.6300, Elapsed: 4m10s
Epoch: 1, Batch: 46, Loss: 0.6643, Elapsed: 6m15s
Epoch: 1, Batch: 47, Loss: 0.6528, Elapsed: 7m39s
Epoch: 1, Batch: 48, Loss: 0.6392, Elapsed: 7m8s
Epoch: 1, Batch: 49, Loss: 0.6992, Elapsed: 10m22s
Epoch: 1, Batch: 50, Loss: 0.6561, Elapsed: 6m8s
Epoch: 1, Batch: 51, Loss: 0.6403, Elapsed: 2m12s
Epoch: 1, Batch: 52, Loss: 0.6312, Elapsed: 3m40s
Epoch: 1, Batch: 53, Loss: 0.6254, Elapsed: 10m54s
Epoch: 1, Batch: 54, Loss: 0.6313, Elapsed: 8m2s
Epoch: 1, Batch: 55, Loss: 0.6396, Elapsed: 6m24s
Epoch: 1, Batch: 56, Loss: 0.6030, Elapsed: 6m35s
Epoch: 1, Batch: 57, Loss: 0.5847, Elapsed: 4m3s
Epoch: 1, Batch: 58, Loss: 0.6622, Elapsed: 8m22s
Epoch: 1, Batch: 59, Loss: 0.6343, Elapsed: 7m13s
Epoch: 1, Batch: 60, Loss: 0.6058, Elapsed: 11m13s
Epoch: 1, Batch: 61, Loss: 0.6385, Elapsed: 7m32s
Epoch: 1, Batch: 62, Loss: 0.6459, Elapsed: 7m11s
Epoch: 1, Batch: 63, Loss: 0.6470, Elapsed: 9m55s
Epoch: 1, Batch: 64, Loss: 0.6144, Elapsed: 11m41s
Epoch: 1, Batch: 65, Loss: 0.6712, Elapsed: 31m17s
Epoch: 1, Batch: 66, Loss: 0.6244, Elapsed: 6m22s
Epoch: 1, Batch: 67, Loss: 0.6595, Elapsed: 8m29s
Epoch: 1, Batch: 68, Loss: 0.6256, Elapsed: 10m38s
Epoch: 1, Batch: 69, Loss: 0.6217, Elapsed: 8m22s
Epoch: 1, Batch: 70, Loss: 0.5903, Elapsed: 7m4s
Epoch: 1, Batch: 71, Loss: 0.6367, Elapsed: 6m31s
Epoch: 1, Batch: 72, Loss: 0.6484, Elapsed: 9m39s
Epoch: 1, Batch: 73, Loss: 0.6369, Elapsed: 10m31s
Epoch: 1, Batch: 74, Loss: 0.5970, Elapsed: 7m7s
Epoch: 1, Batch: 75, Loss: 0.7012, Elapsed: 12m23s
Epoch: 1, Batch: 76, Loss: 0.6219, Elapsed: 7m22s
Epoch: 1, Batch: 77, Loss: 0.6343, Elapsed: 8m43s
Epoch: 1, Batch: 78, Loss: 0.5841, Elapsed: 6m47s
Epoch: 1, Batch: 79, Loss: 0.6773, Elapsed: 13m23s
Epoch: 1, Batch: 80, Loss: 0.6231, Elapsed: 7m2s
Epoch: 1, Batch: 81, Loss: 0.6355, Elapsed: 9m52s
Epoch: 1, Batch: 82, Loss: 0.6182, Elapsed: 5m56s
Epoch: 1, Batch: 83, Loss: 0.6232, Elapsed: 7m39s
Epoch: 1, Batch: 84, Loss: 0.6683, Elapsed: 6m45s
Epoch: 1, Batch: 85, Loss: 0.6202, Elapsed: 7m25s
Epoch: 1, Batch: 86, Loss: 0.6245, Elapsed: 14m1s
Epoch: 1, Batch: 87, Loss: 0.6099, Elapsed: 10m24s
Epoch: 1, Batch: 88, Loss: 0.6307, Elapsed: 9m50s
Epoch: 1, Batch: 89, Loss: 0.6994, Elapsed: 10m3s
Epoch: 1, Batch: 90, Loss: 0.6167, Elapsed: 9m23s
Epoch: 1, Batch: 91, Loss: 0.5915, Elapsed: 5m26s
Epoch: 1, Batch: 92, Loss: 0.6397, Elapsed: 6m29s
Epoch: 1, Batch: 93, Loss: 0.6092, Elapsed: 4m6s
Epoch: 1, Batch: 94, Loss: 0.6014, Elapsed: 4m24s
Epoch: 1, Batch: 95, Loss: 0.5949, Elapsed: 4m37s
Epoch: 1, Batch: 96, Loss: 0.6137, Elapsed: 2m55s
Epoch: 1, Batch: 97, Loss: 0.5697, Elapsed: 2m34s
Epoch: 1, Batch: 98, Loss: 0.6183, Elapsed: 4m3s
Epoch: 1, Batch: 99, Loss: 0.5679, Elapsed: 3m20s
Epoch: 1, Batch: 100, Loss: 0.6625, Elapsed: 3m48s
Epoch: 1, Batch: 101, Loss: 0.6374, Elapsed: 8m22s
Epoch: 1, Batch: 102, Loss: 0.5590, Elapsed: 5m8s
Epoch: 1, Batch: 103, Loss: 0.6245, Elapsed: 7m47s
Epoch: 1, Batch: 104, Loss: 0.6234, Elapsed: 4m5s
Epoch: 1, Batch: 105, Loss: 0.5815, Elapsed: 5m50s
Epoch: 1, Batch: 106, Loss: 0.6358, Elapsed: 11m45s
Epoch: 1, Batch: 107, Loss: 0.5898, Elapsed: 7m57s
Epoch: 1, Batch: 108, Loss: 0.5967, Elapsed: 3m55s
Epoch: 1, Batch: 109, Loss: 0.6038, Elapsed: 7m19s
Epoch: 1, Batch: 110, Loss: 0.5750, Elapsed: 7m52s
Epoch: 1, Batch: 111, Loss: 0.5939, Elapsed: 17m18s
Epoch: 1, Batch: 112, Loss: 0.6064, Elapsed: 6m39s
Epoch: 1, Batch: 113, Loss: 0.6304, Elapsed: 10m11s
Epoch: 1, Batch: 114, Loss: 0.5961, Elapsed: 5m47s
Epoch: 1, Batch: 115, Loss: 0.5986, Elapsed: 9m51s
Epoch: 1, Batch: 116, Loss: 0.6548, Elapsed: 7m31s
Epoch: 1, Batch: 117, Loss: 0.5656, Elapsed: 6m16s
Epoch: 1, Batch: 118, Loss: 0.5935, Elapsed: 7m51s
Epoch: 1, Batch: 119, Loss: 0.5743, Elapsed: 4m29s
Epoch: 1, Batch: 120, Loss: 0.5696, Elapsed: 9m6s
Epoch: 1, Batch: 121, Loss: 0.4837, Elapsed: 3m6s
Epoch: 1, Batch: 122, Loss: 0.5819, Elapsed: 5m57s
Epoch: 1, Batch: 123, Loss: 0.5151, Elapsed: 5m23s
Epoch: 1, Batch: 124, Loss: 0.6159, Elapsed: 8m47s
Epoch: 1, Batch: 125, Loss: 0.5730, Elapsed: 5m35s
Epoch: 1, Batch: 126, Loss: 0.6061, Elapsed: 8m27s
Epoch: 1, Batch: 127, Loss: 0.6398, Elapsed: 8m53s
Epoch: 1, Batch: 128, Loss: 0.6613, Elapsed: 11m44s
Epoch: 1, Batch: 129, Loss: 0.6487, Elapsed: 7m16s
Epoch: 1, Batch: 130, Loss: 0.5848, Elapsed: 7m57s
Epoch: 1, Batch: 131, Loss: 0.5540, Elapsed: 6m17s
Epoch: 1, Batch: 132, Loss: 0.6863, Elapsed: 11m1s
Epoch: 1, Batch: 133, Loss: 0.6338, Elapsed: 10m20s
Epoch: 1, Batch: 134, Loss: 0.5619, Elapsed: 6m2s
Epoch: 1, Batch: 135, Loss: 0.6113, Elapsed: 10m15s
Epoch: 1, Batch: 136, Loss: 0.5151, Elapsed: 4m35s
Epoch: 1, Batch: 137, Loss: 0.6013, Elapsed: 7m3s
Epoch: 1, Batch: 138, Loss: 0.5782, Elapsed: 6m43s
Epoch: 1, Batch: 139, Loss: 0.5128, Elapsed: 3m6s
Epoch: 1, Batch: 140, Loss: 0.5714, Elapsed: 6m9s
Epoch: 1, Batch: 141, Loss: 0.5817, Elapsed: 4m44s
Epoch: 1, Batch: 142, Loss: 0.6001, Elapsed: 7m31s
Epoch: 1, Batch: 143, Loss: 0.6114, Elapsed: 7m43s
Epoch: 1, Batch: 144, Loss: 0.6096, Elapsed: 4m34s
Epoch: 1, Batch: 145, Loss: 0.6072, Elapsed: 6m33s
Epoch: 1, Batch: 146, Loss: 0.5272, Elapsed: 2m48s
Epoch: 1, Batch: 147, Loss: 0.6146, Elapsed: 6m37s
Epoch: 1, Batch: 148, Loss: 0.6046, Elapsed: 3m37s
Epoch: 1, Batch: 149, Loss: 0.5748, Elapsed: 3m49s
Epoch: 1, Batch: 150, Loss: 0.5924, Elapsed: 4m31s
Epoch: 1, Batch: 151, Loss: 0.5666, Elapsed: 7m56s
Epoch: 1, Batch: 152, Loss: 0.5278, Elapsed: 4m15s
Epoch: 1, Batch: 153, Loss: 0.6233, Elapsed: 7m58s
Epoch: 1, Batch: 154, Loss: 0.5623, Elapsed: 6m41s
Epoch: 1, Batch: 155, Loss: 0.5581, Elapsed: 7m9s
Epoch: 1, Batch: 156, Loss: 0.5057, Elapsed: 3m58s
Epoch: 1, Batch: 157, Loss: 0.5993, Elapsed: 7m4s
Epoch: 1, Batch: 158, Loss: 0.6279, Elapsed: 6m44s
Epoch: 1, Batch: 159, Loss: 0.6339, Elapsed: 8m7s
Epoch: 1, Batch: 160, Loss: 0.5732, Elapsed: 5m2s
Epoch: 1, Batch: 161, Loss: 0.5656, Elapsed: 4m43s
Epoch: 1, Batch: 162, Loss: 0.5662, Elapsed: 7m57s
Epoch: 1, Batch: 163, Loss: 0.5828, Elapsed: 8m10s
Epoch: 1, Batch: 164, Loss: 0.5848, Elapsed: 6m30s
Epoch: 1, Batch: 165, Loss: 0.6277, Elapsed: 7m52s
Epoch: 1, Batch: 166, Loss: 0.6196, Elapsed: 10m31s
Epoch: 1, Batch: 167, Loss: 0.5434, Elapsed: 5m20s
Epoch: 1, Batch: 168, Loss: 0.5789, Elapsed: 5m25s
Epoch: 1, Batch: 169, Loss: 0.4910, Elapsed: 4m8s
Epoch: 1, Batch: 170, Loss: 0.6313, Elapsed: 7m2s
Epoch: 1, Batch: 171, Loss: 0.5965, Elapsed: 7m29s
Epoch: 1, Batch: 172, Loss: 0.5879, Elapsed: 8m11s
Epoch: 1, Batch: 173, Loss: 0.5871, Elapsed: 7m38s
Epoch: 1, Batch: 174, Loss: 0.5904, Elapsed: 8m36s
Epoch: 1, Batch: 175, Loss: 0.5017, Elapsed: 3m12s
Epoch: 1, Batch: 176, Loss: 0.5299, Elapsed: 5m25s
Epoch: 1, Batch: 177, Loss: 0.5554, Elapsed: 6m42s
Epoch: 1, Batch: 178, Loss: 0.6285, Elapsed: 8m43s
Epoch: 1, Batch: 179, Loss: 0.6202, Elapsed: 6m50s
Epoch: 1, Batch: 180, Loss: 0.5933, Elapsed: 8m5s
Epoch: 1, Batch: 181, Loss: 0.5584, Elapsed: 4m32s
Epoch: 1, Batch: 182, Loss: 0.5866, Elapsed: 7m19s
Epoch: 1, Batch: 183, Loss: 0.6904, Elapsed: 9m36s
Epoch: 1, Batch: 184, Loss: 0.6039, Elapsed: 6m18s
Epoch: 1, Batch: 185, Loss: 0.5926, Elapsed: 9m3s
Epoch: 1, Batch: 186, Loss: 0.5751, Elapsed: 7m19s
Epoch: 1, Batch: 187, Loss: 0.5777, Elapsed: 7m7s
Epoch: 1, Batch: 188, Loss: 0.5739, Elapsed: 8m32s
Epoch: 1, Batch: 189, Loss: 0.5684, Elapsed: 6m4s
Epoch: 1, Batch: 190, Loss: 0.5901, Elapsed: 6m13s
Epoch: 1, Batch: 191, Loss: 0.5225, Elapsed: 3m16s
Epoch: 1, Batch: 192, Loss: 0.6304, Elapsed: 7m28s
Epoch: 1, Batch: 193, Loss: 0.6311, Elapsed: 9m50s
Epoch: 1, Batch: 194, Loss: 0.5892, Elapsed: 4m16s
Epoch: 1, Batch: 195, Loss: 0.5741, Elapsed: 4m18s
Epoch: 1, Batch: 196, Loss: 0.6031, Elapsed: 8m20s
Epoch: 1, Batch: 197, Loss: 0.5544, Elapsed: 6m42s
Epoch: 1, Batch: 198, Loss: 0.5583, Elapsed: 3m16s
Epoch: 1, Batch: 199, Loss: 0.5510, Elapsed: 3m41s
Epoch: 1, Batch: 200, Loss: 0.6055, Elapsed: 6m31s
Epoch: 1, Batch: 201, Loss: 0.6116, Elapsed: 5m28s
Epoch: 1, Batch: 202, Loss: 0.5730, Elapsed: 3m6s
Epoch: 1, Batch: 203, Loss: 0.5621, Elapsed: 4m59s
Epoch: 1, Batch: 204, Loss: 0.5860, Elapsed: 3m30s
Epoch: 1, Batch: 205, Loss: 0.5877, Elapsed: 8m7s
Epoch: 1, Batch: 206, Loss: 0.5557, Elapsed: 6m50s
Epoch: 1, Batch: 207, Loss: 0.6002, Elapsed: 7m39s
Epoch: 1, Batch: 208, Loss: 0.6000, Elapsed: 7m18s
Epoch: 1, Batch: 209, Loss: 0.5649, Elapsed: 6m56s
Epoch: 1, Batch: 210, Loss: 0.6163, Elapsed: 7m28s
Epoch: 1, Batch: 211, Loss: 0.5869, Elapsed: 6m36s
Epoch: 1, Batch: 212, Loss: 0.6011, Elapsed: 8m22s
Epoch: 1, Batch: 213, Loss: 0.6296, Elapsed: 8m45s
Epoch: 1, Batch: 214, Loss: 0.5754, Elapsed: 5m35s
Epoch: 1, Batch: 215, Loss: 0.6224, Elapsed: 9m25s
Epoch: 1, Batch: 216, Loss: 0.5824, Elapsed: 6m56s
Epoch: 1, Batch: 217, Loss: 0.5956, Elapsed: 6m27s
Epoch: 1, Batch: 218, Loss: 0.6237, Elapsed: 10m16s
Epoch: 1, Batch: 219, Loss: 0.6667, Elapsed: 7m47s
Epoch: 1, Batch: 220, Loss: 0.5796, Elapsed: 5m20s
Epoch: 1, Batch: 221, Loss: 0.5912, Elapsed: 10m41s
Epoch: 1, Batch: 222, Loss: 0.5848, Elapsed: 7m4s
Epoch: 1, Batch: 223, Loss: 0.6151, Elapsed: 9m40s
Epoch: 1, Batch: 224, Loss: 0.5705, Elapsed: 7m19s
Epoch: 1, Batch: 225, Loss: 0.5792, Elapsed: 4m45s
Epoch: 1, Batch: 226, Loss: 0.5741, Elapsed: 6m35s
Epoch: 1, Batch: 227, Loss: 0.5544, Elapsed: 3m38s
Epoch: 1, Batch: 228, Loss: 0.6004, Elapsed: 7m0s
Epoch: 1, Batch: 229, Loss: 0.5647, Elapsed: 7m8s
Epoch: 1, Batch: 230, Loss: 0.6148, Elapsed: 9m24s
Epoch: 1, Batch: 231, Loss: 0.5888, Elapsed: 6m45s
Epoch: 1, Batch: 232, Loss: 0.5902, Elapsed: 7m23s
Epoch: 1, Batch: 233, Loss: 0.5702, Elapsed: 6m17s
Epoch: 1, Batch: 234, Loss: 0.6024, Elapsed: 5m58s
Epoch: 1, Batch: 235, Loss: 0.6138, Elapsed: 6m57s
Epoch: 1, Batch: 236, Loss: 0.5143, Elapsed: 3m53s
Epoch: 1, Batch: 237, Loss: 0.6207, Elapsed: 9m16s
Epoch: 1, Batch: 238, Loss: 0.5989, Elapsed: 8m31s
Epoch: 1, Batch: 239, Loss: 0.6032, Elapsed: 7m10s
Epoch: 1, Batch: 240, Loss: 0.5471, Elapsed: 6m21s
Epoch: 1, Batch: 241, Loss: 0.6384, Elapsed: 10m39s
Epoch: 1, Batch: 242, Loss: 0.5851, Elapsed: 4m35s
Epoch: 1, Batch: 243, Loss: 0.5697, Elapsed: 4m15s
Epoch: 1, Batch: 244, Loss: 0.6058, Elapsed: 4m6s
Epoch: 1, Batch: 245, Loss: 0.5788, Elapsed: 4m58s
Epoch: 1, Batch: 246, Loss: 0.5293, Elapsed: 4m27s
Epoch: 1, Batch: 247, Loss: 0.5610, Elapsed: 3m46s
Epoch: 1, Batch: 248, Loss: 0.5440, Elapsed: 3m59s
Epoch: 1, Batch: 249, Loss: 0.5858, Elapsed: 5m25s
Epoch: 1, Batch: 250, Loss: 0.6126, Elapsed: 4m19s
Epoch: 1, Batch: 251, Loss: 0.6075, Elapsed: 6m54s
Epoch: 1, Batch: 252, Loss: 0.5123, Elapsed: 5m42s
Epoch: 1, Batch: 253, Loss: 0.5277, Elapsed: 6m3s
Epoch: 1, Batch: 254, Loss: 0.5621, Elapsed: 7m52s
Epoch: 1, Batch: 255, Loss: 0.5556, Elapsed: 7m27s
Epoch: 1, Batch: 256, Loss: 0.5439, Elapsed: 4m3s
Epoch: 1, Batch: 257, Loss: 0.5884, Elapsed: 12m26s
Epoch: 1, Batch: 258, Loss: 0.5942, Elapsed: 6m2s
Epoch: 1, Batch: 259, Loss: 0.5819, Elapsed: 8m7s
Epoch: 1, Batch: 260, Loss: 0.5487, Elapsed: 7m58s
Epoch: 1, Batch: 261, Loss: 0.6024, Elapsed: 8m8s
Epoch: 1, Batch: 262, Loss: 0.5453, Elapsed: 5m14s
Epoch: 1, Batch: 263, Loss: 0.6215, Elapsed: 7m36s
Epoch: 1, Batch: 264, Loss: 0.5464, Elapsed: 6m12s
Epoch: 1, Batch: 265, Loss: 0.6600, Elapsed: 12m30s
Epoch: 1, Batch: 266, Loss: 0.5302, Elapsed: 4m13s
Epoch: 1, Batch: 267, Loss: 0.5807, Elapsed: 5m48s
Epoch: 1, Batch: 268, Loss: 0.5357, Elapsed: 5m4s
Epoch: 1, Batch: 269, Loss: 0.5708, Elapsed: 8m45s
Epoch: 1, Batch: 270, Loss: 0.6144, Elapsed: 8m36s
Epoch: 1, Batch: 271, Loss: 0.5722, Elapsed: 6m52s
Epoch: 1, Batch: 272, Loss: 0.5600, Elapsed: 6m31s
Epoch: 1, Batch: 273, Loss: 0.6106, Elapsed: 13m13s
Epoch: 1, Batch: 274, Loss: 0.6162, Elapsed: 8m13s
Epoch: 1, Batch: 275, Loss: 0.5532, Elapsed: 6m23s
Epoch: 1, Batch: 276, Loss: 0.5831, Elapsed: 6m19s
Epoch: 1, Batch: 277, Loss: 0.5917, Elapsed: 5m17s
Epoch: 1, Batch: 278, Loss: 0.5942, Elapsed: 5m51s
Epoch: 1, Batch: 279, Loss: 0.5653, Elapsed: 6m29s
Epoch: 1, Batch: 280, Loss: 0.5575, Elapsed: 7m5s
Epoch: 1, Batch: 281, Loss: 0.5754, Elapsed: 10m2s
Epoch: 1, Batch: 282, Loss: 0.5686, Elapsed: 8m13s
Epoch: 1, Batch: 283, Loss: 0.6214, Elapsed: 7m15s
Epoch: 1, Batch: 284, Loss: 0.6416, Elapsed: 9m14s
Epoch: 1, Batch: 285, Loss: 0.5318, Elapsed: 5m6s
Epoch: 1, Batch: 286, Loss: 0.5917, Elapsed: 5m35s
Epoch: 1, Batch: 287, Loss: 0.6269, Elapsed: 15m42s
Epoch: 1, Batch: 288, Loss: 0.5672, Elapsed: 5m52s
Epoch: 1, Batch: 289, Loss: 0.5648, Elapsed: 5m11s
Epoch: 1, Batch: 290, Loss: 0.6116, Elapsed: 9m28s
Epoch: 1, Batch: 291, Loss: 0.5617, Elapsed: 4m41s
Epoch: 1, Batch: 292, Loss: 0.6645, Elapsed: 7m30s
Epoch: 1, Batch: 293, Loss: 0.5971, Elapsed: 5m28s
Epoch: 1, Batch: 294, Loss: 0.6088, Elapsed: 6m31s
Epoch: 1, Batch: 295, Loss: 0.6117, Elapsed: 5m33s
Epoch: 1, Batch: 296, Loss: 0.6030, Elapsed: 10m57s
Epoch: 1, Batch: 297, Loss: 0.5907, Elapsed: 3m3s
Epoch: 1, Batch: 298, Loss: 0.6132, Elapsed: 5m31s
Epoch: 1, Batch: 299, Loss: 0.5150, Elapsed: 2m37s
Epoch: 1, Batch: 300, Loss: 0.5822, Elapsed: 4m5s
Epoch: 1, Batch: 301, Loss: 0.5053, Elapsed: 2m56s
Epoch: 1, Batch: 302, Loss: 0.5593, Elapsed: 6m8s
Epoch: 1, Batch: 303, Loss: 0.5570, Elapsed: 7m51s
Epoch: 1, Batch: 304, Loss: 0.5838, Elapsed: 9m23s
Epoch: 1, Batch: 305, Loss: 0.6204, Elapsed: 15m30s
Epoch: 1, Batch: 306, Loss: 0.5760, Elapsed: 5m35s
Epoch: 1, Batch: 307, Loss: 0.6186, Elapsed: 10m15s
Epoch: 1, Batch: 308, Loss: 0.5525, Elapsed: 5m51s
Epoch: 1, Batch: 309, Loss: 0.5949, Elapsed: 10m12s
Epoch: 1, Batch: 310, Loss: 0.6107, Elapsed: 11m49s
Epoch: 1, Batch: 311, Loss: 0.5710, Elapsed: 8m41s
Epoch: 1, Batch: 312, Loss: 0.5996, Elapsed: 6m16s
Epoch: 1, Batch: 313, Loss: 0.6024, Elapsed: 8m3s
Epoch: 1, Batch: 314, Loss: 0.6587, Elapsed: 7m1s
Epoch: 1, Batch: 315, Loss: 0.5063, Elapsed: 5m22s
Epoch: 1, Batch: 316, Loss: 0.5471, Elapsed: 7m2s
Epoch: 1, Batch: 317, Loss: 0.5315, Elapsed: 4m33s
Epoch: 1, Batch: 318, Loss: 0.5865, Elapsed: 7m28s
Epoch: 1, Batch: 319, Loss: 0.6293, Elapsed: 8m35s
Epoch: 1, Batch: 320, Loss: 0.5968, Elapsed: 5m26s
Epoch: 1, Batch: 321, Loss: 0.6176, Elapsed: 10m58s
Epoch: 1, Batch: 322, Loss: 0.5867, Elapsed: 8m13s
Epoch: 1, Batch: 323, Loss: 0.5924, Elapsed: 5m52s
Epoch: 1, Batch: 324, Loss: 0.5764, Elapsed: 5m44s
Epoch: 1, Batch: 325, Loss: 0.5696, Elapsed: 5m18s
Epoch: 1, Batch: 326, Loss: 0.5514, Elapsed: 7m8s
Epoch: 1, Batch: 327, Loss: 0.5135, Elapsed: 5m7s
Epoch: 1, Batch: 328, Loss: 0.5600, Elapsed: 6m10s
Epoch: 1, Batch: 329, Loss: 0.5397, Elapsed: 4m8s
Epoch: 1, Batch: 330, Loss: 0.5794, Elapsed: 5m42s
Epoch: 1, Batch: 331, Loss: 0.6087, Elapsed: 7m42s
Epoch: 1, Batch: 332, Loss: 0.5858, Elapsed: 8m1s
Epoch: 1, Batch: 333, Loss: 0.5649, Elapsed: 5m55s
Epoch: 1, Batch: 334, Loss: 0.5366, Elapsed: 5m46s
Epoch: 1, Batch: 335, Loss: 0.5738, Elapsed: 5m58s
Epoch: 1, Batch: 336, Loss: 0.5855, Elapsed: 8m21s
Epoch: 1, Batch: 337, Loss: 0.6057, Elapsed: 9m30s
Epoch: 1, Batch: 338, Loss: 0.6141, Elapsed: 6m40s
Epoch: 1, Batch: 339, Loss: 0.5730, Elapsed: 4m28s
Epoch: 1, Batch: 340, Loss: 0.6035, Elapsed: 4m54s
Epoch: 1, Batch: 341, Loss: 0.5066, Elapsed: 3m24s
Epoch: 1, Batch: 342, Loss: 0.5381, Elapsed: 2m16s
Epoch: 1, Batch: 343, Loss: 0.5384, Elapsed: 3m52s
Epoch: 1, Batch: 344, Loss: 0.5267, Elapsed: 3m31s
Epoch: 1, Batch: 345, Loss: 0.6065, Elapsed: 6m53s
Epoch: 1, Batch: 346, Loss: 0.5045, Elapsed: 3m39s
Epoch: 1, Batch: 347, Loss: 0.5767, Elapsed: 5m47s
Epoch: 1, Batch: 348, Loss: 0.6157, Elapsed: 7m59s
Epoch: 1, Batch: 349, Loss: 0.5824, Elapsed: 3m45s
Epoch: 1, Batch: 350, Loss: 0.5393, Elapsed: 2m56s
Epoch: 1, Batch: 351, Loss: 0.6372, Elapsed: 11m15s
Epoch: 1, Batch: 352, Loss: 0.5758, Elapsed: 6m35s
Epoch: 1, Batch: 353, Loss: 0.5506, Elapsed: 6m2s
Epoch: 1, Batch: 354, Loss: 0.5662, Elapsed: 6m35s
Epoch: 1, Batch: 355, Loss: 0.5857, Elapsed: 7m17s
Epoch: 1, Batch: 356, Loss: 0.5585, Elapsed: 5m30s
Epoch: 1, Batch: 357, Loss: 0.6164, Elapsed: 9m21s
Epoch: 1, Batch: 358, Loss: 0.5367, Elapsed: 5m13s
Epoch: 1, Batch: 359, Loss: 0.6068, Elapsed: 7m53s
Epoch: 1, Batch: 360, Loss: 0.5322, Elapsed: 6m13s
Epoch: 1, Batch: 361, Loss: 0.5975, Elapsed: 8m52s
Epoch: 1, Batch: 362, Loss: 0.6206, Elapsed: 9m44s
Epoch: 1, Batch: 363, Loss: 0.4782, Elapsed: 4m14s
Epoch: 1, Batch: 364, Loss: 0.5623, Elapsed: 5m10s
Epoch: 1, Batch: 365, Loss: 0.5337, Elapsed: 5m9s
Epoch: 1, Batch: 366, Loss: 0.5986, Elapsed: 7m51s
Epoch: 1, Batch: 367, Loss: 0.5997, Elapsed: 9m2s
Epoch: 1, Batch: 368, Loss: 0.5611, Elapsed: 6m52s
Epoch: 1, Batch: 369, Loss: 0.6079, Elapsed: 9m1s
Epoch: 1, Batch: 370, Loss: 0.6385, Elapsed: 13m44s
Epoch: 1, Batch: 371, Loss: 0.6946, Elapsed: 12m10s
Epoch: 1, Batch: 372, Loss: 0.5737, Elapsed: 7m36s
Epoch: 1, Batch: 373, Loss: 0.5986, Elapsed: 5m59s
Epoch: 1, Batch: 374, Loss: 0.5949, Elapsed: 8m19s
Epoch: 1, Batch: 375, Loss: 0.5892, Elapsed: 8m29s
Epoch: 1, Batch: 376, Loss: 0.6190, Elapsed: 9m29s
Epoch: 1, Batch: 377, Loss: 0.5596, Elapsed: 9m42s
Epoch: 1, Batch: 378, Loss: 0.6613, Elapsed: 11m5s
Epoch: 1, Batch: 379, Loss: 0.5986, Elapsed: 10m47s
Epoch: 1, Batch: 380, Loss: 0.5252, Elapsed: 4m49s
Epoch: 1, Batch: 381, Loss: 0.5800, Elapsed: 5m21s
Epoch: 1, Batch: 382, Loss: 0.5953, Elapsed: 6m18s
Epoch: 1, Batch: 383, Loss: 0.6035, Elapsed: 10m53s
Epoch: 1, Batch: 384, Loss: 0.5149, Elapsed: 3m29s
Epoch: 1, Batch: 385, Loss: 0.5507, Elapsed: 3m20s
Epoch: 1, Batch: 386, Loss: 0.5706, Elapsed: 3m17s
Epoch: 1, Batch: 387, Loss: 0.5664, Elapsed: 4m9s
Epoch: 1, Batch: 388, Loss: 0.6041, Elapsed: 6m23s
Epoch: 1, Batch: 389, Loss: 0.6363, Elapsed: 5m39s
Epoch: 1, Batch: 390, Loss: 0.5678, Elapsed: 3m59s
Epoch: 1, Batch: 391, Loss: 0.5480, Elapsed: 3m29s
Epoch: 1, Batch: 392, Loss: 0.5707, Elapsed: 4m51s
Epoch: 1, Batch: 393, Loss: 0.5202, Elapsed: 4m8s
Epoch: 1, Batch: 394, Loss: 0.5398, Elapsed: 4m13s
Epoch: 1, Batch: 395, Loss: 0.5986, Elapsed: 8m28s
Epoch: 1, Batch: 396, Loss: 0.6041, Elapsed: 6m8s
Epoch: 1, Batch: 397, Loss: 0.5511, Elapsed: 4m28s
Epoch: 1, Batch: 398, Loss: 0.5607, Elapsed: 3m54s
Epoch: 1, Batch: 399, Loss: 0.5912, Elapsed: 6m54s
Epoch: 1, Batch: 400, Loss: 0.5707, Elapsed: 4m11s
Epoch: 1, Batch: 401, Loss: 0.5837, Elapsed: 6m34s
Epoch: 1, Batch: 402, Loss: 0.5798, Elapsed: 7m3s
Epoch: 1, Batch: 403, Loss: 0.6046, Elapsed: 7m28s
Epoch: 1, Batch: 404, Loss: 0.5397, Elapsed: 7m57s
Epoch: 1, Batch: 405, Loss: 0.5902, Elapsed: 7m15s
Epoch: 1, Batch: 406, Loss: 0.5974, Elapsed: 6m53s
Epoch: 1, Batch: 407, Loss: 0.5553, Elapsed: 5m14s
Epoch: 1, Batch: 408, Loss: 0.4905, Elapsed: 4m6s
Epoch: 1, Batch: 409, Loss: 0.5810, Elapsed: 7m4s
Epoch: 1, Batch: 410, Loss: 0.5767, Elapsed: 6m7s
Epoch: 1, Batch: 411, Loss: 0.5678, Elapsed: 8m24s
Epoch: 1, Batch: 412, Loss: 0.5134, Elapsed: 2m48s
Epoch: 1, Batch: 413, Loss: 0.5695, Elapsed: 7m40s
Epoch: 1, Batch: 414, Loss: 0.5564, Elapsed: 7m14s
Epoch: 1, Batch: 415, Loss: 0.5723, Elapsed: 7m16s
Epoch: 1, Batch: 416, Loss: 0.5668, Elapsed: 5m50s
Epoch: 1, Batch: 417, Loss: 0.5644, Elapsed: 7m46s
Epoch: 1, Batch: 418, Loss: 0.5636, Elapsed: 6m53s
Epoch: 1, Batch: 419, Loss: 0.5725, Elapsed: 5m27s
Epoch: 1, Batch: 420, Loss: 0.5790, Elapsed: 8m38s
Epoch: 1, Batch: 421, Loss: 0.5632, Elapsed: 7m2s
Epoch: 1, Batch: 422, Loss: 0.5907, Elapsed: 5m13s
Epoch: 1, Batch: 423, Loss: 0.5998, Elapsed: 6m16s
Epoch: 1, Batch: 424, Loss: 0.5971, Elapsed: 9m1s
Epoch: 1, Batch: 425, Loss: 0.4842, Elapsed: 3m3s
Epoch: 1, Batch: 426, Loss: 0.5592, Elapsed: 6m40s
Epoch: 1, Batch: 427, Loss: 0.6277, Elapsed: 10m0s
Epoch: 1, Batch: 428, Loss: 0.5897, Elapsed: 7m38s
Epoch: 1, Batch: 429, Loss: 0.5266, Elapsed: 4m14s
Epoch: 1, Batch: 430, Loss: 0.5633, Elapsed: 5m17s
Epoch: 1, Batch: 431, Loss: 0.5746, Elapsed: 7m20s
Epoch: 1, Batch: 432, Loss: 0.5843, Elapsed: 9m14s
Epoch: 1, Batch: 433, Loss: 0.6031, Elapsed: 9m21s
Epoch: 1, Batch: 434, Loss: 0.5939, Elapsed: 6m11s
Epoch: 1, Batch: 435, Loss: 0.5610, Elapsed: 5m13s
Epoch: 1, Batch: 436, Loss: 0.4754, Elapsed: 3m1s
Epoch: 1, Batch: 437, Loss: 0.5317, Elapsed: 3m15s
Epoch: 1, Batch: 438, Loss: 0.5708, Elapsed: 4m4s
Epoch: 1, Batch: 439, Loss: 0.6020, Elapsed: 3m28s
Epoch: 1, Batch: 440, Loss: 0.4941, Elapsed: 3m56s
Epoch: 1, Batch: 441, Loss: 0.6531, Elapsed: 7m25s
Epoch: 1, Batch: 442, Loss: 0.4792, Elapsed: 3m40s
Epoch: 1, Batch: 443, Loss: 0.5644, Elapsed: 5m18s
Epoch: 1, Batch: 444, Loss: 0.5440, Elapsed: 3m49s
Epoch: 1, Batch: 445, Loss: 0.5726, Elapsed: 2m36s
Epoch: 1, Batch: 446, Loss: 0.5495, Elapsed: 4m28s
Epoch: 1, Batch: 447, Loss: 0.5043, Elapsed: 3m10s
Epoch: 1, Batch: 448, Loss: 0.5806, Elapsed: 5m34s
Epoch: 1, Batch: 449, Loss: 0.4536, Elapsed: 2m40s
Epoch: 1, Batch: 450, Loss: 0.4506, Elapsed: 2m52s
Epoch: 1, Batch: 451, Loss: 0.6335, Elapsed: 6m58s
Epoch: 1, Batch: 452, Loss: 0.5735, Elapsed: 6m18s
Epoch: 1, Batch: 453, Loss: 0.5913, Elapsed: 4m3s
Epoch: 1, Batch: 454, Loss: 0.5778, Elapsed: 4m19s
Epoch: 1, Batch: 455, Loss: 0.6032, Elapsed: 9m54s
Epoch: 1, Batch: 456, Loss: 0.5776, Elapsed: 9m2s
Epoch: 1, Batch: 457, Loss: 0.5716, Elapsed: 5m40s
Epoch: 1, Batch: 458, Loss: 0.6108, Elapsed: 7m20s
Epoch: 1, Batch: 459, Loss: 0.5677, Elapsed: 7m6s
Epoch: 1, Batch: 460, Loss: 0.5662, Elapsed: 6m23s
Epoch: 1, Batch: 461, Loss: 0.4620, Elapsed: 3m49s
Epoch: 1, Batch: 462, Loss: 0.5777, Elapsed: 6m6s
Epoch: 1, Batch: 463, Loss: 0.5535, Elapsed: 7m39s
Epoch: 1, Batch: 464, Loss: 0.6339, Elapsed: 11m24s
Epoch: 1, Batch: 465, Loss: 0.5403, Elapsed: 4m48s
Epoch: 1, Batch: 466, Loss: 0.6333, Elapsed: 10m25s
Epoch: 1, Batch: 467, Loss: 0.5961, Elapsed: 6m31s
Epoch: 1, Batch: 468, Loss: 0.5555, Elapsed: 6m52s
Epoch: 1, Batch: 469, Loss: 0.5998, Elapsed: 8m59s
Epoch: 1, Batch: 470, Loss: 0.5315, Elapsed: 5m24s
Epoch: 1, Batch: 471, Loss: 0.5571, Elapsed: 7m6s
Epoch: 1, Batch: 472, Loss: 0.6045, Elapsed: 5m29s
Epoch: 1, Batch: 473, Loss: 0.5829, Elapsed: 2m51s
Epoch: 1, Batch: 474, Loss: 0.5900, Elapsed: 10m45s
Epoch: 1, Batch: 475, Loss: 0.5699, Elapsed: 6m21s
Epoch: 1, Batch: 476, Loss: 0.5064, Elapsed: 5m10s
Epoch: 1, Batch: 477, Loss: 0.6087, Elapsed: 7m33s
Epoch: 1, Batch: 478, Loss: 0.5990, Elapsed: 8m27s
Epoch: 1, Batch: 479, Loss: 0.6134, Elapsed: 6m19s
Epoch: 1, Batch: 480, Loss: 0.5538, Elapsed: 7m3s
Epoch: 1, Batch: 481, Loss: 0.5759, Elapsed: 7m49s
Epoch: 1, Batch: 482, Loss: 0.5416, Elapsed: 6m45s
Epoch: 1, Batch: 483, Loss: 0.5965, Elapsed: 6m42s
Epoch: 1, Batch: 484, Loss: 0.5788, Elapsed: 5m0s
Epoch: 1, Batch: 485, Loss: 0.6154, Elapsed: 7m39s
Epoch: 1, Batch: 486, Loss: 0.5190, Elapsed: 3m36s
Epoch: 1, Batch: 487, Loss: 0.6086, Elapsed: 4m46s
Epoch: 1, Batch: 488, Loss: 0.4968, Elapsed: 3m4s
Epoch: 1, Batch: 489, Loss: 0.5586, Elapsed: 3m7s
Epoch: 1, Batch: 490, Loss: 0.6020, Elapsed: 6m29s
Epoch: 1, Batch: 491, Loss: 0.5819, Elapsed: 4m33s
Epoch: 1, Batch: 492, Loss: 0.6115, Elapsed: 7m15s
Epoch: 1, Batch: 493, Loss: 0.6253, Elapsed: 9m30s
Epoch: 1, Batch: 494, Loss: 0.5494, Elapsed: 3m50s
Epoch: 1, Batch: 495, Loss: 0.6051, Elapsed: 9m9s
Epoch: 1, Batch: 496, Loss: 0.6129, Elapsed: 3m34s
Epoch: 1, Batch: 497, Loss: 0.5412, Elapsed: 4m4s
Epoch: 1, Batch: 498, Loss: 0.5596, Elapsed: 3m23s
Epoch: 1, Batch: 499, Loss: 0.5332, Elapsed: 4m7s
Epoch: 1, Batch: 500, Loss: 0.5762, Elapsed: 5m22s
Epoch: 1, Batch: 501, Loss: 0.5367, Elapsed: 4m49s
Epoch: 1, Batch: 502, Loss: 0.6282, Elapsed: 8m7s
Epoch: 1, Batch: 503, Loss: 0.6358, Elapsed: 8m34s
Epoch: 1, Batch: 504, Loss: 0.5015, Elapsed: 2m38s
Epoch: 1, Batch: 505, Loss: 0.5652, Elapsed: 8m37s
Epoch: 1, Batch: 506, Loss: 0.5823, Elapsed: 8m13s
Epoch: 1, Batch: 507, Loss: 0.5487, Elapsed: 8m12s
Epoch: 1, Batch: 508, Loss: 0.5720, Elapsed: 8m0s
Epoch: 1, Batch: 509, Loss: 0.5826, Elapsed: 7m37s
Epoch: 1, Batch: 510, Loss: 0.6308, Elapsed: 10m10s
Epoch: 1, Batch: 511, Loss: 0.5864, Elapsed: 5m49s
Epoch: 1, Batch: 512, Loss: 0.5818, Elapsed: 6m57s
Epoch: 1, Batch: 513, Loss: 0.5740, Elapsed: 9m30s
Epoch: 1, Batch: 514, Loss: 0.5925, Elapsed: 8m37s
Epoch: 1, Batch: 515, Loss: 0.5663, Elapsed: 7m8s
Epoch: 1, Batch: 516, Loss: 0.6001, Elapsed: 7m50s
Epoch: 1, Batch: 517, Loss: 0.5542, Elapsed: 7m15s
Epoch: 1, Batch: 518, Loss: 0.5477, Elapsed: 5m24s
Epoch: 1, Batch: 519, Loss: 0.5881, Elapsed: 6m51s
Epoch: 1, Batch: 520, Loss: 0.6247, Elapsed: 8m55s
Epoch: 1, Batch: 521, Loss: 0.5708, Elapsed: 5m20s
Epoch: 1, Batch: 522, Loss: 0.5862, Elapsed: 5m48s
Epoch: 1, Batch: 523, Loss: 0.5681, Elapsed: 9m4s
Epoch: 1, Batch: 524, Loss: 0.5401, Elapsed: 4m49s
Epoch: 1, Batch: 525, Loss: 0.6152, Elapsed: 12m25s
Epoch: 1, Batch: 526, Loss: 0.5525, Elapsed: 5m46s
Epoch: 1, Batch: 527, Loss: 0.6014, Elapsed: 8m58s
Epoch: 1, Batch: 528, Loss: 0.6310, Elapsed: 10m5s
Epoch: 1, Batch: 529, Loss: 0.5585, Elapsed: 4m59s
Epoch: 1, Batch: 530, Loss: 0.6131, Elapsed: 6m19s
Epoch: 1, Batch: 531, Loss: 0.5830, Elapsed: 5m31s
Epoch: 1, Batch: 532, Loss: 0.5532, Elapsed: 5m24s
Epoch: 1, Batch: 533, Loss: 0.5437, Elapsed: 4m30s
Epoch: 1, Batch: 534, Loss: 0.5851, Elapsed: 4m30s
Epoch: 1, Batch: 535, Loss: 0.6099, Elapsed: 6m26s
Epoch: 1, Batch: 536, Loss: 0.5968, Elapsed: 5m6s
Epoch: 1, Batch: 537, Loss: 0.5470, Elapsed: 3m41s
Epoch: 1, Batch: 538, Loss: 0.5752, Elapsed: 5m23s
Epoch: 1, Batch: 539, Loss: 0.5694, Elapsed: 4m1s
Epoch: 1, Batch: 540, Loss: 0.5931, Elapsed: 5m46s
Epoch: 1, Batch: 541, Loss: 0.6145, Elapsed: 8m2s
Epoch: 1, Batch: 542, Loss: 0.5745, Elapsed: 7m5s
Epoch: 1, Batch: 543, Loss: 0.6082, Elapsed: 4m36s
Epoch: 1, Batch: 544, Loss: 0.5693, Elapsed: 5m54s
Epoch: 1, Batch: 545, Loss: 0.5445, Elapsed: 5m19s
Epoch: 1, Batch: 546, Loss: 0.6070, Elapsed: 7m43s
Epoch: 1, Batch: 547, Loss: 0.4654, Elapsed: 4m44s
Epoch: 1, Batch: 548, Loss: 0.5641, Elapsed: 4m46s
Epoch: 1, Batch: 549, Loss: 0.6032, Elapsed: 8m12s
Epoch: 1, Batch: 550, Loss: 0.5410, Elapsed: 5m35s
Epoch: 1, Batch: 551, Loss: 0.6214, Elapsed: 4m14s
Epoch: 1, Batch: 552, Loss: 0.5348, Elapsed: 3m27s
Epoch: 1, Batch: 553, Loss: 0.5559, Elapsed: 4m55s
Epoch: 1, Batch: 554, Loss: 0.5493, Elapsed: 3m46s
Epoch: 1, Batch: 555, Loss: 0.5870, Elapsed: 5m16s
Epoch: 1, Batch: 556, Loss: 0.6395, Elapsed: 5m40s
Epoch: 1, Batch: 557, Loss: 0.6246, Elapsed: 9m26s
Epoch: 1, Batch: 558, Loss: 0.5914, Elapsed: 6m8s
Epoch: 1, Batch: 559, Loss: 0.6169, Elapsed: 19m0s
Epoch: 1, Batch: 560, Loss: 0.6457, Elapsed: 8m51s
Epoch: 1, Batch: 561, Loss: 0.5937, Elapsed: 10m28s
Epoch: 1, Batch: 562, Loss: 0.5715, Elapsed: 4m28s
Epoch: 1, Batch: 563, Loss: 0.5848, Elapsed: 6m33s
Epoch: 1, Batch: 564, Loss: 0.5918, Elapsed: 8m43s
Epoch: 1, Batch: 565, Loss: 0.5521, Elapsed: 5m58s
Epoch: 1, Batch: 566, Loss: 0.6046, Elapsed: 5m2s
Epoch: 1, Batch: 567, Loss: 0.6351, Elapsed: 10m46s
Epoch: 1, Batch: 568, Loss: 0.5553, Elapsed: 4m3s
Epoch: 1, Batch: 569, Loss: 0.5949, Elapsed: 8m54s
Epoch: 1, Batch: 570, Loss: 0.5748, Elapsed: 6m3s
Epoch: 1, Batch: 571, Loss: 0.5242, Elapsed: 5m18s
Epoch: 1, Batch: 572, Loss: 0.6523, Elapsed: 12m27s
Epoch: 1, Batch: 573, Loss: 0.5749, Elapsed: 9m6s
Epoch: 1, Batch: 574, Loss: 0.5891, Elapsed: 6m23s
Epoch: 1, Batch: 575, Loss: 0.5852, Elapsed: 6m59s
Epoch: 1, Batch: 576, Loss: 0.5810, Elapsed: 7m37s
Epoch: 1, Batch: 577, Loss: 0.5218, Elapsed: 4m17s
Epoch: 1, Batch: 578, Loss: 0.5928, Elapsed: 8m55s
Epoch: 1, Batch: 579, Loss: 0.5866, Elapsed: 6m41s
Epoch: 1, Batch: 580, Loss: 0.6379, Elapsed: 6m1s
Epoch: 1, Batch: 581, Loss: 0.4587, Elapsed: 2m25s
Epoch: 1, Batch: 582, Loss: 0.6064, Elapsed: 5m9s
Epoch: 1, Batch: 583, Loss: 0.5993, Elapsed: 5m17s
Epoch: 1, Batch: 584, Loss: 0.6479, Elapsed: 8m53s
Epoch: 1, Batch: 585, Loss: 0.6055, Elapsed: 5m2s
Epoch: 1, Batch: 586, Loss: 0.5680, Elapsed: 4m53s
Epoch: 1, Batch: 587, Loss: 0.5265, Elapsed: 3m52s
Epoch: 1, Batch: 588, Loss: 0.5602, Elapsed: 5m37s
Epoch: 1, Batch: 589, Loss: 0.5571, Elapsed: 5m3s
Epoch: 1, Batch: 590, Loss: 0.6132, Elapsed: 7m16s
Epoch: 1, Batch: 591, Loss: 0.5687, Elapsed: 4m48s
Epoch: 1, Batch: 592, Loss: 0.5426, Elapsed: 3m23s
Epoch: 1, Batch: 593, Loss: 0.6182, Elapsed: 5m42s
Epoch: 1, Batch: 594, Loss: 0.5677, Elapsed: 4m36s
Epoch: 1, Batch: 595, Loss: 0.4965, Elapsed: 5m17s
Epoch: 1, Batch: 596, Loss: 0.5258, Elapsed: 6m28s
Epoch: 1, Batch: 597, Loss: 0.6143, Elapsed: 10m22s
Epoch: 1, Batch: 598, Loss: 0.5897, Elapsed: 5m44s
Epoch: 1, Batch: 599, Loss: 0.6336, Elapsed: 8m2s
Epoch: 1, Batch: 600, Loss: 0.6099, Elapsed: 6m48s
Epoch: 1, Batch: 601, Loss: 0.6136, Elapsed: 9m24s
Epoch: 1, Batch: 602, Loss: 0.6164, Elapsed: 5m23s
Epoch: 1, Batch: 603, Loss: 0.5694, Elapsed: 8m8s
Epoch: 1, Batch: 604, Loss: 0.5409, Elapsed: 6m31s
Epoch: 1, Batch: 605, Loss: 0.5602, Elapsed: 4m26s
Epoch: 1, Batch: 606, Loss: 0.5828, Elapsed: 6m56s
Epoch: 1, Batch: 607, Loss: 0.5741, Elapsed: 9m2s
Epoch: 1, Batch: 608, Loss: 0.5582, Elapsed: 6m59s
Epoch: 1, Batch: 609, Loss: 0.6195, Elapsed: 13m14s
Epoch: 1, Batch: 610, Loss: 0.6043, Elapsed: 6m55s
Epoch: 1, Batch: 611, Loss: 0.5773, Elapsed: 7m14s
Epoch: 1, Batch: 612, Loss: 0.5841, Elapsed: 5m25s
Epoch: 1, Batch: 613, Loss: 0.5663, Elapsed: 6m3s
Epoch: 1, Batch: 614, Loss: 0.5992, Elapsed: 7m42s
Epoch: 1, Batch: 615, Loss: 0.5863, Elapsed: 8m52s
Epoch: 1, Batch: 616, Loss: 0.5953, Elapsed: 9m40s
Epoch: 1, Batch: 617, Loss: 0.5701, Elapsed: 7m12s
Epoch: 1, Batch: 618, Loss: 0.5758, Elapsed: 6m14s
Epoch: 1, Batch: 619, Loss: 0.5717, Elapsed: 8m36s
Epoch: 1, Batch: 620, Loss: 0.5806, Elapsed: 11m31s
Epoch: 1, Batch: 621, Loss: 0.6057, Elapsed: 9m9s
Epoch: 1, Batch: 622, Loss: 0.5886, Elapsed: 7m55s
Epoch: 1, Batch: 623, Loss: 0.5866, Elapsed: 5m46s
Epoch: 1, Batch: 624, Loss: 0.5664, Elapsed: 5m45s
Epoch: 1, Batch: 625, Loss: 0.6261, Elapsed: 6m45s
Epoch: 1, Batch: 626, Loss: 0.6086, Elapsed: 10m52s
Epoch: 1, Batch: 627, Loss: 0.6323, Elapsed: 6m31s
Epoch: 1, Batch: 628, Loss: 0.6005, Elapsed: 7m40s
Epoch: 1, Batch: 629, Loss: 0.5680, Elapsed: 2m53s
Epoch: 1, Batch: 630, Loss: 0.4893, Elapsed: 2m37s
Epoch: 1, Batch: 631, Loss: 0.5052, Elapsed: 3m10s
Epoch: 1, Batch: 632, Loss: 0.6135, Elapsed: 7m27s
Epoch: 1, Batch: 633, Loss: 0.5787, Elapsed: 7m32s
Epoch: 1, Batch: 634, Loss: 0.5780, Elapsed: 7m20s
Epoch: 1, Batch: 635, Loss: 0.6106, Elapsed: 11m51s
Epoch: 1, Batch: 636, Loss: 0.6239, Elapsed: 7m4s
Epoch: 1, Batch: 637, Loss: 0.6185, Elapsed: 6m21s
Epoch: 1, Batch: 638, Loss: 0.5577, Elapsed: 3m17s
Epoch: 1, Batch: 639, Loss: 0.5794, Elapsed: 7m59s
Epoch: 1, Batch: 640, Loss: 0.6051, Elapsed: 6m19s
Epoch: 1, Batch: 641, Loss: 0.5229, Elapsed: 3m30s
Epoch: 1, Batch: 642, Loss: 0.5767, Elapsed: 9m1s
Epoch: 1, Batch: 643, Loss: 0.5759, Elapsed: 5m23s
Epoch: 1, Batch: 644, Loss: 0.5612, Elapsed: 7m30s
Epoch: 1, Batch: 645, Loss: 0.5608, Elapsed: 8m3s
Epoch: 1, Batch: 646, Loss: 0.5682, Elapsed: 6m51s
Epoch: 1, Batch: 647, Loss: 0.6073, Elapsed: 9m17s
Epoch: 1, Batch: 648, Loss: 0.5873, Elapsed: 7m7s
Epoch: 1, Batch: 649, Loss: 0.5597, Elapsed: 4m15s
Epoch: 1, Batch: 650, Loss: 0.5799, Elapsed: 5m45s
Epoch: 1, Batch: 651, Loss: 0.5871, Elapsed: 7m37s
Epoch: 1, Batch: 652, Loss: 0.6049, Elapsed: 9m8s
Epoch: 1, Batch: 653, Loss: 0.5491, Elapsed: 5m12s
Epoch: 1, Batch: 654, Loss: 0.6209, Elapsed: 12m9s
Epoch: 1, Batch: 655, Loss: 0.5687, Elapsed: 5m26s
Epoch: 1, Batch: 656, Loss: 0.6043, Elapsed: 9m25s
Epoch: 1, Batch: 657, Loss: 0.5886, Elapsed: 7m34s
Epoch: 1, Batch: 658, Loss: 0.5064, Elapsed: 3m58s
Epoch: 1, Batch: 659, Loss: 0.5832, Elapsed: 7m57s
Epoch: 1, Batch: 660, Loss: 0.6095, Elapsed: 12m2s
Epoch: 1, Batch: 661, Loss: 0.6055, Elapsed: 9m15s
Epoch: 1, Batch: 662, Loss: 0.5447, Elapsed: 6m48s
Epoch: 1, Batch: 663, Loss: 0.6277, Elapsed: 12m9s
Epoch: 1, Batch: 664, Loss: 0.5609, Elapsed: 11m30s
Epoch: 1, Batch: 665, Loss: 0.5762, Elapsed: 6m12s
Epoch: 1, Batch: 666, Loss: 0.5325, Elapsed: 4m46s
Epoch: 1, Batch: 667, Loss: 0.5869, Elapsed: 6m21s
Epoch: 1, Batch: 668, Loss: 0.6154, Elapsed: 9m14s
Epoch: 1, Batch: 669, Loss: 0.5902, Elapsed: 6m44s
Epoch: 1, Batch: 670, Loss: 0.5563, Elapsed: 7m26s
Epoch: 1, Batch: 671, Loss: 0.5862, Elapsed: 5m47s
Epoch: 1, Batch: 672, Loss: 0.6219, Elapsed: 8m1s
Epoch: 1, Batch: 673, Loss: 0.5737, Elapsed: 5m47s
Epoch: 1, Batch: 674, Loss: 0.5801, Elapsed: 5m26s
Epoch: 1, Batch: 675, Loss: 0.5684, Elapsed: 3m36s
Epoch: 1, Batch: 676, Loss: 0.5680, Elapsed: 4m26s
Epoch: 1, Batch: 677, Loss: 0.5727, Elapsed: 6m0s
Epoch: 1, Batch: 678, Loss: 0.5743, Elapsed: 6m26s
Epoch: 1, Batch: 679, Loss: 0.5416, Elapsed: 3m38s
Epoch: 1, Batch: 680, Loss: 0.6060, Elapsed: 6m23s
Epoch: 1, Batch: 681, Loss: 0.5385, Elapsed: 4m20s
Epoch: 1, Batch: 682, Loss: 0.5987, Elapsed: 5m10s
Epoch: 1, Batch: 683, Loss: 0.6070, Elapsed: 6m7s
Epoch: 1, Batch: 684, Loss: 0.5676, Elapsed: 4m43s
Epoch: 1, Batch: 685, Loss: 0.6044, Elapsed: 6m1s
Epoch: 1, Batch: 686, Loss: 0.6031, Elapsed: 6m29s
Epoch: 1, Batch: 687, Loss: 0.6090, Elapsed: 10m7s
Epoch: 1, Batch: 688, Loss: 0.6067, Elapsed: 9m12s
Epoch: 1, Batch: 689, Loss: 0.5460, Elapsed: 5m15s
Epoch: 1, Batch: 690, Loss: 0.5582, Elapsed: 6m28s
Epoch: 1, Batch: 691, Loss: 0.5680, Elapsed: 4m8s
Epoch: 1, Batch: 692, Loss: 0.5399, Elapsed: 7m30s
Epoch: 1, Batch: 693, Loss: 0.5219, Elapsed: 4m39s
Epoch: 1, Batch: 694, Loss: 0.5260, Elapsed: 4m32s
Epoch: 1, Batch: 695, Loss: 0.5649, Elapsed: 6m59s
Epoch: 1, Batch: 696, Loss: 0.5008, Elapsed: 3m23s
Epoch: 1, Batch: 697, Loss: 0.5555, Elapsed: 5m41s
Epoch: 1, Batch: 698, Loss: 0.5533, Elapsed: 3m29s
Epoch: 1, Batch: 699, Loss: 0.5818, Elapsed: 5m1s
Epoch: 1, Batch: 700, Loss: 0.5806, Elapsed: 5m8s
Epoch: 1, Batch: 701, Loss: 0.6028, Elapsed: 7m37s
Epoch: 1, Batch: 702, Loss: 0.5929, Elapsed: 7m14s
Epoch: 1, Batch: 703, Loss: 0.5738, Elapsed: 8m8s
Epoch: 1, Batch: 704, Loss: 0.5958, Elapsed: 7m55s
Epoch: 1, Batch: 705, Loss: 0.5467, Elapsed: 5m32s
Epoch: 1, Batch: 706, Loss: 0.5665, Elapsed: 5m31s
Epoch: 1, Batch: 707, Loss: 0.6426, Elapsed: 12m16s
Epoch: 1, Batch: 708, Loss: 0.6424, Elapsed: 5m7s
Epoch: 1, Batch: 709, Loss: 0.5424, Elapsed: 5m33s
Epoch: 1, Batch: 710, Loss: 0.5504, Elapsed: 4m30s
Epoch: 1, Batch: 711, Loss: 0.6141, Elapsed: 9m54s
Epoch: 1, Batch: 712, Loss: 0.6385, Elapsed: 9m13s
Epoch: 1, Batch: 713, Loss: 0.5452, Elapsed: 5m17s
Epoch: 1, Batch: 714, Loss: 0.6154, Elapsed: 11m38s
Epoch: 1, Batch: 715, Loss: 0.5484, Elapsed: 6m44s
Epoch: 1, Batch: 716, Loss: 0.5140, Elapsed: 4m24s
Epoch: 1, Batch: 717, Loss: 0.6008, Elapsed: 7m30s
Epoch: 1, Batch: 718, Loss: 0.5781, Elapsed: 3m20s
Epoch: 1, Batch: 719, Loss: 0.5438, Elapsed: 5m59s
Epoch: 1, Batch: 720, Loss: 0.6089, Elapsed: 7m1s
Epoch: 1, Batch: 721, Loss: 0.6300, Elapsed: 10m43s
Epoch: 1, Batch: 722, Loss: 0.6037, Elapsed: 6m55s
Epoch: 1, Batch: 723, Loss: 0.6126, Elapsed: 6m26s
Epoch: 1, Batch: 724, Loss: 0.6133, Elapsed: 6m19s
Epoch: 1, Batch: 725, Loss: 0.6110, Elapsed: 4m4s
Epoch: 1, Batch: 726, Loss: 0.6482, Elapsed: 5m54s
Epoch: 1, Batch: 727, Loss: 0.6093, Elapsed: 4m44s
Epoch: 1, Batch: 728, Loss: 0.6585, Elapsed: 9m20s
Epoch: 1, Batch: 729, Loss: 0.6234, Elapsed: 3m22s
Epoch: 1, Batch: 730, Loss: 0.5761, Elapsed: 3m24s
Epoch: 1, Batch: 731, Loss: 0.6192, Elapsed: 6m13s
Epoch: 1, Batch: 732, Loss: 0.6240, Elapsed: 5m37s
Epoch: 1, Batch: 733, Loss: 0.6320, Elapsed: 6m58s
Epoch: 1, Batch: 734, Loss: 0.6188, Elapsed: 7m14s
Epoch: 1, Batch: 735, Loss: 0.6253, Elapsed: 5m33s
Epoch: 1, Batch: 736, Loss: 0.6294, Elapsed: 8m56s
Epoch: 1, Batch: 737, Loss: 0.6260, Elapsed: 9m8s
Epoch: 1, Batch: 738, Loss: 0.6381, Elapsed: 7m4s
Epoch: 1, Batch: 739, Loss: 0.6229, Elapsed: 11m31s
Epoch: 1, Batch: 740, Loss: 0.6099, Elapsed: 8m8s
Epoch: 1, Batch: 741, Loss: 0.6525, Elapsed: 11m42s
Epoch: 1, Batch: 742, Loss: 0.6320, Elapsed: 7m17s
Epoch: 1, Batch: 743, Loss: 0.6156, Elapsed: 5m43s
Epoch: 1, Batch: 744, Loss: 0.6177, Elapsed: 4m30s
Epoch: 1, Batch: 745, Loss: 0.6223, Elapsed: 5m41s
Epoch: 1, Batch: 746, Loss: 0.5988, Elapsed: 6m38s
Epoch: 1, Batch: 747, Loss: 0.6610, Elapsed: 4m35s
Epoch: 1, Batch: 748, Loss: 0.5742, Elapsed: 3m26s
Epoch: 1, Batch: 749, Loss: 0.6088, Elapsed: 4m33s
Epoch: 1, Batch: 750, Loss: 0.5701, Elapsed: 4m37s
Epoch: 1, Batch: 751, Loss: 0.6108, Elapsed: 10m5s
Epoch: 1, Batch: 752, Loss: 0.6300, Elapsed: 8m38s
Epoch: 1, Batch: 753, Loss: 0.6044, Elapsed: 5m46s
Epoch: 1, Batch: 754, Loss: 0.6290, Elapsed: 6m46s
Epoch: 1, Batch: 755, Loss: 0.6713, Elapsed: 10m6s
Epoch: 1, Batch: 756, Loss: 0.6547, Elapsed: 6m40s
Epoch: 1, Batch: 757, Loss: 0.6475, Elapsed: 7m25s
Epoch: 1, Batch: 758, Loss: 0.5873, Elapsed: 3m24s
Epoch: 1, Batch: 759, Loss: 0.6083, Elapsed: 6m11s
Epoch: 1, Batch: 760, Loss: 0.6022, Elapsed: 10m12s
Epoch: 1, Batch: 761, Loss: 0.6166, Elapsed: 7m13s
Epoch: 1, Batch: 762, Loss: 0.6542, Elapsed: 11m45s
Epoch: 1, Batch: 763, Loss: 0.5996, Elapsed: 7m26s
Epoch: 1, Batch: 764, Loss: 0.5900, Elapsed: 4m23s
Epoch: 1, Batch: 765, Loss: 0.5915, Elapsed: 7m46s
Epoch: 1, Batch: 766, Loss: 0.5917, Elapsed: 5m48s
Epoch: 1, Batch: 767, Loss: 0.5678, Elapsed: 4m27s
Epoch: 1, Batch: 768, Loss: 0.5615, Elapsed: 5m20s
Epoch: 1, Batch: 769, Loss: 0.6017, Elapsed: 10m12s
Epoch: 1, Batch: 770, Loss: 0.5612, Elapsed: 5m20s
Epoch: 1, Batch: 771, Loss: 0.5308, Elapsed: 3m4s
Epoch: 1, Batch: 772, Loss: 0.5258, Elapsed: 2m8s
Epoch: 1, Batch: 773, Loss: 0.6482, Elapsed: 7m13s
Epoch: 1, Batch: 774, Loss: 0.6609, Elapsed: 7m27s
Epoch: 1, Batch: 775, Loss: 0.5221, Elapsed: 3m20s
Epoch: 1, Batch: 776, Loss: 0.6116, Elapsed: 6m27s
Epoch: 1, Batch: 777, Loss: 0.5959, Elapsed: 5m53s
Epoch: 1, Batch: 778, Loss: 0.6427, Elapsed: 7m13s
Epoch: 1, Batch: 779, Loss: 0.5434, Elapsed: 3m54s
Epoch: 1, Batch: 780, Loss: 0.5839, Elapsed: 5m19s
Epoch: 1, Batch: 781, Loss: 0.6206, Elapsed: 3m37s
Epoch: 1, Batch: 782, Loss: 0.6186, Elapsed: 3m53s
Epoch: 1, Batch: 783, Loss: 0.5851, Elapsed: 5m18s
Epoch: 1, Batch: 784, Loss: 0.5906, Elapsed: 5m6s
Epoch: 1, Batch: 785, Loss: 0.6153, Elapsed: 6m34s
Epoch: 1, Batch: 786, Loss: 0.5581, Elapsed: 3m5s
Epoch: 1, Batch: 787, Loss: 0.5532, Elapsed: 4m23s
Epoch: 1, Batch: 788, Loss: 0.5830, Elapsed: 6m36s
Epoch: 1, Batch: 789, Loss: 0.5484, Elapsed: 5m30s
Epoch: 1, Batch: 790, Loss: 0.6058, Elapsed: 9m34s
Epoch: 1, Batch: 791, Loss: 0.5630, Elapsed: 4m53s
Epoch: 1, Batch: 792, Loss: 0.4981, Elapsed: 4m56s
Epoch: 1, Batch: 793, Loss: 0.6605, Elapsed: 7m33s
Epoch: 1, Batch: 794, Loss: 0.5708, Elapsed: 4m14s
Epoch: 1, Batch: 795, Loss: 0.5997, Elapsed: 5m7s
Epoch: 1, Batch: 796, Loss: 0.6095, Elapsed: 6m56s
Epoch: 1, Batch: 797, Loss: 0.4806, Elapsed: 2m51s
Epoch: 1, Batch: 798, Loss: 0.6300, Elapsed: 6m44s
Epoch: 1, Batch: 799, Loss: 0.5942, Elapsed: 6m24s
Epoch: 1, Batch: 800, Loss: 0.5952, Elapsed: 5m56s
Epoch: 1, Batch: 801, Loss: 0.5153, Elapsed: 5m53s
Epoch: 1, Batch: 802, Loss: 0.5674, Elapsed: 7m30s
Epoch: 1, Batch: 803, Loss: 0.4828, Elapsed: 4m8s
Epoch: 1, Batch: 804, Loss: 0.6110, Elapsed: 10m40s
Epoch: 1, Batch: 805, Loss: 0.6306, Elapsed: 8m45s
Epoch: 1, Batch: 806, Loss: 0.5864, Elapsed: 11m15s
Epoch: 1, Batch: 807, Loss: 0.6027, Elapsed: 9m49s
Epoch: 1, Batch: 808, Loss: 0.6033, Elapsed: 10m17s
Epoch: 1, Batch: 809, Loss: 0.6370, Elapsed: 9m1s
Epoch: 1, Batch: 810, Loss: 0.5579, Elapsed: 6m8s
Epoch: 1, Batch: 811, Loss: 0.6109, Elapsed: 5m12s
Epoch: 1, Batch: 812, Loss: 0.5823, Elapsed: 5m31s
Epoch: 1, Batch: 813, Loss: 0.5290, Elapsed: 3m48s
Epoch: 1, Batch: 814, Loss: 0.5755, Elapsed: 8m8s
Epoch: 1, Batch: 815, Loss: 0.5847, Elapsed: 9m1s
Epoch: 1, Batch: 816, Loss: 0.5903, Elapsed: 6m47s
Epoch: 1, Batch: 817, Loss: 0.5899, Elapsed: 7m20s
Epoch: 1, Batch: 818, Loss: 0.6344, Elapsed: 8m1s
Epoch: 1, Batch: 819, Loss: 0.6040, Elapsed: 8m20s
Epoch: 1, Batch: 820, Loss: 0.6058, Elapsed: 7m0s
Epoch: 1, Batch: 821, Loss: 0.6169, Elapsed: 7m54s
Epoch: 1, Batch: 822, Loss: 0.5611, Elapsed: 5m20s
Epoch: 1, Batch: 823, Loss: 0.6127, Elapsed: 8m21s
Epoch: 1, Batch: 824, Loss: 0.5944, Elapsed: 5m40s
Epoch: 1, Batch: 825, Loss: 0.5907, Elapsed: 6m40s
Epoch: 1, Batch: 826, Loss: 0.5507, Elapsed: 3m54s
Epoch: 1, Batch: 827, Loss: 0.5398, Elapsed: 3m15s
Epoch: 1, Batch: 828, Loss: 0.5917, Elapsed: 7m16s
Epoch: 1, Batch: 829, Loss: 0.6288, Elapsed: 8m51s
Epoch: 1, Batch: 830, Loss: 0.5763, Elapsed: 5m7s
Epoch: 1, Batch: 831, Loss: 0.5562, Elapsed: 4m42s
Epoch: 1, Batch: 832, Loss: 0.5915, Elapsed: 6m8s
Epoch: 1, Batch: 833, Loss: 0.5980, Elapsed: 6m13s
Epoch: 1, Batch: 834, Loss: 0.6250, Elapsed: 6m29s
Epoch: 1, Batch: 835, Loss: 0.5817, Elapsed: 6m9s
Epoch: 1, Batch: 836, Loss: 0.5671, Elapsed: 4m26s
Epoch: 1, Batch: 837, Loss: 0.5670, Elapsed: 5m23s
Epoch: 1, Batch: 838, Loss: 0.5952, Elapsed: 7m55s
Epoch: 1, Batch: 839, Loss: 0.5214, Elapsed: 4m49s
Epoch: 1, Batch: 840, Loss: 0.5917, Elapsed: 8m3s
Epoch: 1, Batch: 841, Loss: 0.6405, Elapsed: 9m1s
Epoch: 1, Batch: 842, Loss: 0.5520, Elapsed: 5m21s
Epoch: 1, Batch: 843, Loss: 0.5502, Elapsed: 5m22s
Epoch: 1, Batch: 844, Loss: 0.5538, Elapsed: 4m14s
Epoch: 1, Batch: 845, Loss: 0.5530, Elapsed: 7m48s
Epoch: 1, Batch: 846, Loss: 0.5487, Elapsed: 6m51s
Epoch: 1, Batch: 847, Loss: 0.5294, Elapsed: 5m51s
Epoch: 1, Batch: 848, Loss: 0.5640, Elapsed: 7m13s
Epoch: 1, Batch: 849, Loss: 0.6282, Elapsed: 5m14s
Epoch: 1, Batch: 850, Loss: 0.6019, Elapsed: 5m51s
Epoch: 1, Batch: 851, Loss: 0.5796, Elapsed: 8m4s
Epoch: 1, Batch: 852, Loss: 0.6023, Elapsed: 7m52s
Epoch: 1, Batch: 853, Loss: 0.5645, Elapsed: 7m35s
Epoch: 1, Batch: 854, Loss: 0.5715, Elapsed: 6m5s
Epoch: 1, Batch: 855, Loss: 0.5666, Elapsed: 5m9s
Epoch: 1, Batch: 856, Loss: 0.5806, Elapsed: 5m35s
Epoch: 1, Batch: 857, Loss: 0.5631, Elapsed: 8m29s
Epoch: 1, Batch: 858, Loss: 0.6211, Elapsed: 9m29s
Epoch: 1, Batch: 859, Loss: 0.5542, Elapsed: 6m7s
Epoch: 1, Batch: 860, Loss: 0.5701, Elapsed: 6m25s
Epoch: 1, Batch: 861, Loss: 0.5979, Elapsed: 7m59s
Epoch: 1, Batch: 862, Loss: 0.5985, Elapsed: 9m42s
Epoch: 1, Batch: 863, Loss: 0.5550, Elapsed: 8m17s
Epoch: 1, Batch: 864, Loss: 0.5735, Elapsed: 8m48s
Epoch: 1, Batch: 865, Loss: 0.5779, Elapsed: 7m32s
Epoch: 1, Batch: 866, Loss: 0.6149, Elapsed: 6m51s
Epoch: 1, Batch: 867, Loss: 0.5710, Elapsed: 6m18s
Epoch: 1, Batch: 868, Loss: 0.4974, Elapsed: 3m26s
Epoch: 1, Batch: 869, Loss: 0.5831, Elapsed: 4m49s
Epoch: 1, Batch: 870, Loss: 0.5608, Elapsed: 7m47s
Epoch: 1, Batch: 871, Loss: 0.6248, Elapsed: 10m27s
Epoch: 1, Batch: 872, Loss: 0.5519, Elapsed: 6m48s
Epoch: 1, Batch: 873, Loss: 0.6221, Elapsed: 8m18s
Epoch: 1, Batch: 874, Loss: 0.4973, Elapsed: 2m56s
Epoch: 1, Batch: 875, Loss: 0.6036, Elapsed: 10m20s
Epoch: 1, Batch: 876, Loss: 0.5538, Elapsed: 5m22s
Epoch: 1, Batch: 877, Loss: 0.6510, Elapsed: 12m56s
Epoch: 1, Batch: 878, Loss: 0.4769, Elapsed: 3m53s
Epoch: 1, Batch: 879, Loss: 0.5782, Elapsed: 6m31s
Epoch: 1, Batch: 880, Loss: 0.6042, Elapsed: 7m3s
Epoch: 1, Batch: 881, Loss: 0.5567, Elapsed: 4m44s
Epoch: 1, Batch: 882, Loss: 0.6047, Elapsed: 6m13s
Epoch: 1, Batch: 883, Loss: 0.5797, Elapsed: 5m48s
Epoch: 1, Batch: 884, Loss: 0.5820, Elapsed: 5m57s
Epoch: 1, Batch: 885, Loss: 0.5482, Elapsed: 2m38s
Epoch: 1, Batch: 886, Loss: 0.5800, Elapsed: 4m51s
Epoch: 1, Batch: 887, Loss: 0.5822, Elapsed: 4m31s
Epoch: 1, Batch: 888, Loss: 0.6025, Elapsed: 5m53s
Epoch: 1, Batch: 889, Loss: 0.5819, Elapsed: 5m42s
Epoch: 1, Batch: 890, Loss: 0.6154, Elapsed: 5m53s
Epoch: 1, Batch: 891, Loss: 0.5823, Elapsed: 3m12s
Epoch: 1, Batch: 892, Loss: 0.6169, Elapsed: 9m21s
Epoch: 1, Batch: 893, Loss: 0.5708, Elapsed: 5m36s
Epoch: 1, Batch: 894, Loss: 0.6092, Elapsed: 11m22s
Epoch: 1, Batch: 895, Loss: 0.6168, Elapsed: 8m48s
Epoch: 1, Batch: 896, Loss: 0.6322, Elapsed: 11m43s
Epoch: 1, Batch: 897, Loss: 0.5601, Elapsed: 7m3s
Epoch: 1, Batch: 898, Loss: 0.5990, Elapsed: 8m58s
Epoch: 1, Batch: 899, Loss: 0.6173, Elapsed: 6m41s
Epoch: 1, Batch: 900, Loss: 0.6109, Elapsed: 6m4s
Epoch: 1, Batch: 901, Loss: 0.5633, Elapsed: 6m11s
Epoch: 1, Batch: 902, Loss: 0.6011, Elapsed: 6m11s
Epoch: 1, Batch: 903, Loss: 0.5886, Elapsed: 7m20s
Epoch: 1, Batch: 904, Loss: 0.5991, Elapsed: 6m24s
Epoch: 1, Batch: 905, Loss: 0.5758, Elapsed: 6m3s
Epoch: 1, Batch: 906, Loss: 0.5606, Elapsed: 5m31s
Epoch: 1, Batch: 907, Loss: 0.6361, Elapsed: 13m15s
Epoch: 1, Batch: 908, Loss: 0.6286, Elapsed: 6m3s
Epoch: 1, Batch: 909, Loss: 0.5966, Elapsed: 9m14s
Epoch: 1, Batch: 910, Loss: 0.5855, Elapsed: 6m8s
Epoch: 1, Batch: 911, Loss: 0.5207, Elapsed: 4m16s
Epoch: 1, Batch: 912, Loss: 0.5390, Elapsed: 7m9s
Epoch: 1, Batch: 913, Loss: 0.5953, Elapsed: 6m42s
Epoch: 1, Batch: 914, Loss: 0.5714, Elapsed: 6m39s
Epoch: 1, Batch: 915, Loss: 0.6333, Elapsed: 8m5s
Epoch: 1, Batch: 916, Loss: 0.5777, Elapsed: 7m55s
Epoch: 1, Batch: 917, Loss: 0.5768, Elapsed: 8m35s
Epoch: 1, Batch: 918, Loss: 0.5427, Elapsed: 5m24s
Epoch: 1, Batch: 919, Loss: 0.5805, Elapsed: 6m3s
Epoch: 1, Batch: 920, Loss: 0.6169, Elapsed: 8m48s
Epoch: 1, Batch: 921, Loss: 0.6166, Elapsed: 9m18s
Epoch: 1, Batch: 922, Loss: 0.6045, Elapsed: 7m35s
Epoch: 1, Batch: 923, Loss: 0.6267, Elapsed: 9m46s
Epoch: 1, Batch: 924, Loss: 0.5396, Elapsed: 4m26s
Epoch: 1, Batch: 925, Loss: 0.5961, Elapsed: 4m16s
Epoch: 1, Batch: 926, Loss: 0.5960, Elapsed: 6m10s
Epoch: 1, Batch: 927, Loss: 0.5350, Elapsed: 3m39s
Epoch: 1, Batch: 928, Loss: 0.5925, Elapsed: 5m38s
Epoch: 1, Batch: 929, Loss: 0.6328, Elapsed: 8m25s
Epoch: 1, Batch: 930, Loss: 0.5713, Elapsed: 5m48s
Epoch: 1, Batch: 931, Loss: 0.5494, Elapsed: 2m38s
Epoch: 1, Batch: 932, Loss: 0.6293, Elapsed: 5m37s
Epoch: 1, Batch: 933, Loss: 0.5972, Elapsed: 5m48s
Epoch: 1, Batch: 934, Loss: 0.5603, Elapsed: 5m16s
Epoch: 1, Batch: 935, Loss: 0.5832, Elapsed: 5m34s
Epoch: 1, Batch: 936, Loss: 0.5988, Elapsed: 5m40s
Epoch: 1, Batch: 937, Loss: 0.6063, Elapsed: 9m7s
Epoch: 1, Batch: 938, Loss: 0.5902, Elapsed: 3m52s
Epoch: 1, Batch: 939, Loss: 0.6129, Elapsed: 7m18s
Epoch: 1, Batch: 940, Loss: 0.5712, Elapsed: 5m49s
Epoch: 1, Batch: 941, Loss: 0.5946, Elapsed: 10m39s
Epoch: 1, Batch: 942, Loss: 0.6553, Elapsed: 7m19s
Epoch: 1, Batch: 943, Loss: 0.6230, Elapsed: 6m55s
Epoch: 1, Batch: 944, Loss: 0.5912, Elapsed: 7m43s
Epoch: 1, Batch: 945, Loss: 0.6192, Elapsed: 10m1s
Epoch: 1, Batch: 946, Loss: 0.5813, Elapsed: 8m53s
Epoch: 1, Batch: 947, Loss: 0.5936, Elapsed: 7m36s
Epoch: 1, Batch: 948, Loss: 0.5632, Elapsed: 4m19s
Epoch: 1, Batch: 949, Loss: 0.5633, Elapsed: 6m14s
Epoch: 1, Batch: 950, Loss: 0.5778, Elapsed: 6m16s
Epoch: 1, Batch: 951, Loss: 0.5740, Elapsed: 6m47s
Epoch: 1, Batch: 952, Loss: 0.5927, Elapsed: 6m7s
Epoch: 1, Batch: 953, Loss: 0.5975, Elapsed: 5m43s
Epoch: 1, Batch: 954, Loss: 0.5597, Elapsed: 7m36s
Epoch: 1, Batch: 955, Loss: 0.5828, Elapsed: 6m29s
Epoch: 1, Batch: 956, Loss: 0.5019, Elapsed: 4m12s
Epoch: 1, Batch: 957, Loss: 0.5857, Elapsed: 6m37s
Epoch: 1, Batch: 958, Loss: 0.5633, Elapsed: 6m0s
Epoch: 1, Batch: 959, Loss: 0.5794, Elapsed: 8m8s
Epoch: 1, Batch: 960, Loss: 0.5500, Elapsed: 6m35s
Epoch: 1, Batch: 961, Loss: 0.5647, Elapsed: 7m11s
Epoch: 1, Batch: 962, Loss: 0.5049, Elapsed: 5m42s
Epoch: 1, Batch: 963, Loss: 0.5951, Elapsed: 10m4s
Epoch: 1, Batch: 964, Loss: 0.4879, Elapsed: 3m31s
Epoch: 1, Batch: 965, Loss: 0.5721, Elapsed: 5m42s
Epoch: 1, Batch: 966, Loss: 0.6179, Elapsed: 8m52s
Epoch: 1, Batch: 967, Loss: 0.5319, Elapsed: 5m35s
Epoch: 1, Batch: 968, Loss: 0.5738, Elapsed: 8m2s
Epoch: 1, Batch: 969, Loss: 0.6265, Elapsed: 8m38s
Epoch: 1, Batch: 970, Loss: 0.5833, Elapsed: 10m36s
Epoch: 1, Batch: 971, Loss: 0.5982, Elapsed: 4m22s
Epoch: 1, Batch: 972, Loss: 0.6115, Elapsed: 5m2s
Epoch: 1, Batch: 973, Loss: 0.5502, Elapsed: 7m22s
Epoch: 1, Batch: 974, Loss: 0.6016, Elapsed: 6m44s
Epoch: 1, Batch: 975, Loss: 0.5751, Elapsed: 3m58s
Epoch: 1, Batch: 976, Loss: 0.5384, Elapsed: 3m52s
Epoch: 1, Batch: 977, Loss: 0.5591, Elapsed: 4m24s
Epoch: 1, Batch: 978, Loss: 0.5712, Elapsed: 5m3s
Epoch: 1, Batch: 979, Loss: 0.5175, Elapsed: 3m51s
Epoch: 1, Batch: 980, Loss: 0.5574, Elapsed: 4m28s
Epoch: 1, Batch: 981, Loss: 0.6409, Elapsed: 7m59s
Epoch: 1, Batch: 982, Loss: 0.5443, Elapsed: 5m2s
Epoch: 1, Batch: 983, Loss: 0.5898, Elapsed: 5m42s
Epoch: 1, Batch: 984, Loss: 0.6068, Elapsed: 7m53s
Epoch: 1, Batch: 985, Loss: 0.6001, Elapsed: 6m15s
Epoch: 1, Batch: 986, Loss: 0.5690, Elapsed: 4m49s
Epoch: 1, Batch: 987, Loss: 0.4484, Elapsed: 2m50s
Epoch: 1, Batch: 988, Loss: 0.5464, Elapsed: 4m29s
Epoch: 1, Batch: 989, Loss: 0.5532, Elapsed: 4m10s
Epoch: 1, Batch: 990, Loss: 0.4950, Elapsed: 3m58s
Epoch: 1, Batch: 991, Loss: 0.5827, Elapsed: 10m21s
Epoch: 1, Batch: 992, Loss: 0.5926, Elapsed: 9m37s
Epoch: 1, Batch: 993, Loss: 0.5207, Elapsed: 4m39s
Epoch: 1, Batch: 994, Loss: 0.5402, Elapsed: 6m7s
Epoch: 1, Batch: 995, Loss: 0.5374, Elapsed: 4m31s
Epoch: 1, Batch: 996, Loss: 0.6029, Elapsed: 11m20s
Epoch: 1, Batch: 997, Loss: 0.6382, Elapsed: 6m16s
Epoch: 1, Batch: 998, Loss: 0.5207, Elapsed: 5m34s
Epoch: 1, Batch: 999, Loss: 0.6428, Elapsed: 10m32s
Epoch: 1, Batch: 1000, Loss: 0.6110, Elapsed: 9m21s
Epoch: 1, Batch: 1001, Loss: 0.5685, Elapsed: 7m56s
Epoch: 1, Batch: 1002, Loss: 0.5927, Elapsed: 9m45s
Epoch: 1, Batch: 1003, Loss: 0.5349, Elapsed: 4m41s
Epoch: 1, Batch: 1004, Loss: 0.6167, Elapsed: 8m55s
Epoch: 1, Batch: 1005, Loss: 0.5894, Elapsed: 8m26s
Epoch: 1, Batch: 1006, Loss: 0.5850, Elapsed: 9m7s
Epoch: 1, Batch: 1007, Loss: 0.6578, Elapsed: 6m36s
Epoch: 1, Batch: 1008, Loss: 0.5583, Elapsed: 5m58s
Epoch: 1, Batch: 1009, Loss: 0.5608, Elapsed: 6m36s
Epoch: 1, Batch: 1010, Loss: 0.5518, Elapsed: 6m17s
Epoch: 1, Batch: 1011, Loss: 0.5651, Elapsed: 6m33s
Epoch: 1, Batch: 1012, Loss: 0.5906, Elapsed: 11m55s
Epoch: 1, Batch: 1013, Loss: 0.5021, Elapsed: 3m17s
Epoch: 1, Batch: 1014, Loss: 0.6092, Elapsed: 7m20s
Epoch: 1, Batch: 1015, Loss: 0.5778, Elapsed: 5m27s
Epoch: 1, Batch: 1016, Loss: 0.6302, Elapsed: 6m27s
Epoch: 1, Batch: 1017, Loss: 0.6171, Elapsed: 9m48s
Epoch: 1, Batch: 1018, Loss: 0.5905, Elapsed: 11m11s
Epoch: 1, Batch: 1019, Loss: 0.5861, Elapsed: 6m7s
Epoch: 1, Batch: 1020, Loss: 0.5627, Elapsed: 4m1s
Epoch: 1, Batch: 1021, Loss: 0.5502, Elapsed: 4m20s
Epoch: 1, Batch: 1022, Loss: 0.6203, Elapsed: 9m1s
Epoch: 1, Batch: 1023, Loss: 0.5581, Elapsed: 3m29s
Epoch: 1, Batch: 1024, Loss: 0.6084, Elapsed: 7m11s
Epoch: 1, Batch: 1025, Loss: 0.5814, Elapsed: 6m32s
Epoch: 1, Batch: 1026, Loss: 0.5770, Elapsed: 7m22s
Epoch: 1, Batch: 1027, Loss: 0.5932, Elapsed: 4m9s
Epoch: 1, Batch: 1028, Loss: 0.6019, Elapsed: 4m30s
Epoch: 1, Batch: 1029, Loss: 0.5765, Elapsed: 5m39s
Epoch: 1, Batch: 1030, Loss: 0.5366, Elapsed: 4m6s
Epoch: 1, Batch: 1031, Loss: 0.5453, Elapsed: 5m29s
Epoch: 1, Batch: 1032, Loss: 0.6067, Elapsed: 5m52s
Epoch: 1, Batch: 1033, Loss: 0.5933, Elapsed: 9m22s
Epoch: 1, Batch: 1034, Loss: 0.5746, Elapsed: 10m18s
Epoch: 1, Batch: 1035, Loss: 0.6066, Elapsed: 7m48s
Epoch: 1, Batch: 1036, Loss: 0.6098, Elapsed: 6m47s
Epoch: 1, Batch: 1037, Loss: 0.6046, Elapsed: 10m0s
Epoch: 1, Batch: 1038, Loss: 0.5583, Elapsed: 4m21s
Epoch: 1, Batch: 1039, Loss: 0.5818, Elapsed: 5m49s
Epoch: 1, Batch: 1040, Loss: 0.6029, Elapsed: 7m57s
Epoch: 1, Batch: 1041, Loss: 0.5681, Elapsed: 7m14s
Epoch: 1, Batch: 1042, Loss: 0.5176, Elapsed: 5m2s
Epoch: 1, Batch: 1043, Loss: 0.5990, Elapsed: 5m51s
Epoch: 1, Batch: 1044, Loss: 0.6166, Elapsed: 7m23s
Epoch: 1, Batch: 1045, Loss: 0.5868, Elapsed: 10m25s
Epoch: 1, Batch: 1046, Loss: 0.6316, Elapsed: 9m15s
Epoch: 1, Batch: 1047, Loss: 0.5928, Elapsed: 8m3s
Epoch: 1, Batch: 1048, Loss: 0.5673, Elapsed: 5m28s
Epoch: 1, Batch: 1049, Loss: 0.5902, Elapsed: 8m46s
Epoch: 1, Batch: 1050, Loss: 0.6286, Elapsed: 4m38s
Epoch: 1, Batch: 1051, Loss: 0.6398, Elapsed: 10m57s
Epoch: 1, Batch: 1052, Loss: 0.5893, Elapsed: 6m45s
Epoch: 1, Batch: 1053, Loss: 0.5989, Elapsed: 5m43s
Epoch: 1, Batch: 1054, Loss: 0.5822, Elapsed: 9m30s
Epoch: 1, Batch: 1055, Loss: 0.5749, Elapsed: 7m5s
Epoch: 1, Batch: 1056, Loss: 0.5745, Elapsed: 7m16s
Epoch: 1, Batch: 1057, Loss: 0.5717, Elapsed: 7m46s
Epoch: 1, Batch: 1058, Loss: 0.6287, Elapsed: 7m19s
Epoch: 1, Batch: 1059, Loss: 0.5760, Elapsed: 7m26s
Epoch: 1, Batch: 1060, Loss: 0.6222, Elapsed: 9m20s
Epoch: 1, Batch: 1061, Loss: 0.5537, Elapsed: 5m38s
Epoch: 1, Batch: 1062, Loss: 0.6111, Elapsed: 15m13s
Epoch: 1, Batch: 1063, Loss: 0.6078, Elapsed: 7m46s
Epoch: 1, Batch: 1064, Loss: 0.6096, Elapsed: 7m56s
Epoch: 1, Batch: 1065, Loss: 0.5901, Elapsed: 5m8s
Epoch: 1, Batch: 1066, Loss: 0.5736, Elapsed: 5m3s
Epoch: 1, Batch: 1067, Loss: 0.5459, Elapsed: 3m40s
Epoch: 1, Batch: 1068, Loss: 0.5552, Elapsed: 3m58s
Epoch: 1, Batch: 1069, Loss: 0.5934, Elapsed: 7m20s
Epoch: 1, Batch: 1070, Loss: 0.5836, Elapsed: 5m2s
Epoch: 1, Batch: 1071, Loss: 0.6027, Elapsed: 8m16s
Epoch: 1, Batch: 1072, Loss: 0.6049, Elapsed: 3m28s
Epoch: 1, Batch: 1073, Loss: 0.5396, Elapsed: 4m47s
Epoch: 1, Batch: 1074, Loss: 0.5961, Elapsed: 3m50s
Epoch: 1, Batch: 1075, Loss: 0.5979, Elapsed: 8m17s
Epoch: 1, Batch: 1076, Loss: 0.5733, Elapsed: 7m9s
Epoch: 1, Batch: 1077, Loss: 0.5413, Elapsed: 5m0s
Epoch: 1, Batch: 1078, Loss: 0.6019, Elapsed: 13m46s
Epoch: 1, Batch: 1079, Loss: 0.5906, Elapsed: 8m31s
Epoch: 1, Batch: 1080, Loss: 0.6060, Elapsed: 7m55s
Epoch: 1, Batch: 1081, Loss: 0.5940, Elapsed: 8m38s
Epoch: 1, Batch: 1082, Loss: 0.5720, Elapsed: 7m23s
Epoch: 1, Batch: 1083, Loss: 0.5489, Elapsed: 5m32s
Epoch: 1, Batch: 1084, Loss: 0.5882, Elapsed: 8m42s
Epoch: 1, Batch: 1085, Loss: 0.5675, Elapsed: 8m22s
Epoch: 1, Batch: 1086, Loss: 0.5996, Elapsed: 11m26s
Epoch: 1, Batch: 1087, Loss: 0.5872, Elapsed: 10m31s
Epoch: 1, Batch: 1088, Loss: 0.5750, Elapsed: 8m19s
Epoch: 1, Batch: 1089, Loss: 0.5474, Elapsed: 5m46s
Epoch: 1, Batch: 1090, Loss: 0.5714, Elapsed: 7m41s
Epoch: 1, Batch: 1091, Loss: 0.5933, Elapsed: 13m47s
Epoch: 1, Batch: 1092, Loss: 0.6423, Elapsed: 6m42s
Epoch: 1, Batch: 1093, Loss: 0.6213, Elapsed: 6m52s
Epoch: 1, Batch: 1094, Loss: 0.5548, Elapsed: 4m59s
Epoch: 1, Batch: 1095, Loss: 0.5719, Elapsed: 5m48s
Epoch: 1, Batch: 1096, Loss: 0.6305, Elapsed: 5m53s
Epoch: 1, Batch: 1097, Loss: 0.6076, Elapsed: 5m3s
Epoch: 1, Batch: 1098, Loss: 0.5940, Elapsed: 5m10s
Epoch: 1, Batch: 1099, Loss: 0.5631, Elapsed: 5m20s
Epoch: 1, Batch: 1100, Loss: 0.6021, Elapsed: 6m17s
Epoch: 1, Batch: 1101, Loss: 0.5525, Elapsed: 6m20s
Epoch: 1, Batch: 1102, Loss: 0.5530, Elapsed: 4m17s
Epoch: 1, Batch: 1103, Loss: 0.5806, Elapsed: 6m43s
Epoch: 1, Batch: 1104, Loss: 0.5788, Elapsed: 7m16s
Epoch: 1, Batch: 1105, Loss: 0.5856, Elapsed: 6m59s
Epoch: 1, Batch: 1106, Loss: 0.5986, Elapsed: 8m5s
Epoch: 1, Batch: 1107, Loss: 0.5666, Elapsed: 5m58s
Epoch: 1, Batch: 1108, Loss: 0.5645, Elapsed: 4m41s
Epoch: 1, Batch: 1109, Loss: 0.5853, Elapsed: 6m45s
Epoch: 1, Batch: 1110, Loss: 0.5653, Elapsed: 5m46s
Epoch: 1, Batch: 1111, Loss: 0.5558, Elapsed: 4m8s
Epoch: 1, Batch: 1112, Loss: 0.5517, Elapsed: 5m41s
Epoch: 1, Batch: 1113, Loss: 0.5454, Elapsed: 3m35s
Epoch: 1, Batch: 1114, Loss: 0.6009, Elapsed: 6m0s
Epoch: 1, Batch: 1115, Loss: 0.5714, Elapsed: 5m57s
Epoch: 1, Batch: 1116, Loss: 0.4751, Elapsed: 3m1s
Epoch: 1, Batch: 1117, Loss: 0.5232, Elapsed: 4m2s
Epoch: 1, Batch: 1118, Loss: 0.5501, Elapsed: 5m6s
Epoch: 1, Batch: 1119, Loss: 0.5477, Elapsed: 3m51s
Epoch: 1, Batch: 1120, Loss: 0.5709, Elapsed: 5m13s
Epoch: 1, Batch: 1121, Loss: 0.5472, Elapsed: 4m7s
Epoch: 1, Batch: 1122, Loss: 0.5829, Elapsed: 5m47s
Epoch: 1, Batch: 1123, Loss: 0.6231, Elapsed: 9m13s
Epoch: 1, Batch: 1124, Loss: 0.5867, Elapsed: 9m53s
Epoch: 1, Batch: 1125, Loss: 0.6079, Elapsed: 9m7s
Epoch: 1, Batch: 1126, Loss: 0.5670, Elapsed: 7m44s
Epoch: 1, Batch: 1127, Loss: 0.5726, Elapsed: 5m13s
Epoch: 1, Batch: 1128, Loss: 0.6084, Elapsed: 8m58s
Epoch: 1, Batch: 1129, Loss: 0.5746, Elapsed: 6m53s
Epoch: 1, Batch: 1130, Loss: 0.5818, Elapsed: 8m43s
Epoch: 1, Batch: 1131, Loss: 0.6183, Elapsed: 11m5s
Epoch: 1, Batch: 1132, Loss: 0.6032, Elapsed: 7m16s
Epoch: 1, Batch: 1133, Loss: 0.5713, Elapsed: 6m59s
Epoch: 1, Batch: 1134, Loss: 0.5613, Elapsed: 6m36s
Epoch: 1, Batch: 1135, Loss: 0.5904, Elapsed: 9m19s
Epoch: 1, Batch: 1136, Loss: 0.5769, Elapsed: 10m34s
Epoch: 1, Batch: 1137, Loss: 0.5882, Elapsed: 5m24s
Epoch: 1, Batch: 1138, Loss: 0.5819, Elapsed: 7m43s
Epoch: 1, Batch: 1139, Loss: 0.5406, Elapsed: 3m30s
Epoch: 1, Batch: 1140, Loss: 0.5904, Elapsed: 5m28s
Epoch: 1, Batch: 1141, Loss: 0.5701, Elapsed: 3m5s
Epoch: 1, Batch: 1142, Loss: 0.5579, Elapsed: 4m32s
Epoch: 1, Batch: 1143, Loss: 0.5747, Elapsed: 5m26s
Epoch: 1, Batch: 1144, Loss: 0.5188, Elapsed: 3m14s
Epoch: 1, Batch: 1145, Loss: 0.5456, Elapsed: 4m21s
Epoch: 1, Batch: 1146, Loss: 0.5652, Elapsed: 5m8s
Epoch: 1, Batch: 1147, Loss: 0.5966, Elapsed: 6m20s
Epoch: 1, Batch: 1148, Loss: 0.6031, Elapsed: 5m35s
Epoch: 1, Batch: 1149, Loss: 0.5296, Elapsed: 3m26s
Epoch: 1, Batch: 1150, Loss: 0.5488, Elapsed: 3m45s
Epoch: 1, Batch: 1151, Loss: 0.5786, Elapsed: 7m15s
Epoch: 1, Batch: 1152, Loss: 0.5897, Elapsed: 5m53s
Epoch: 1, Batch: 1153, Loss: 0.5806, Elapsed: 3m52s
Epoch: 1, Batch: 1154, Loss: 0.6109, Elapsed: 5m35s
Epoch: 1, Batch: 1155, Loss: 0.5514, Elapsed: 4m14s
Epoch: 1, Batch: 1156, Loss: 0.6000, Elapsed: 7m2s
Epoch: 1, Batch: 1157, Loss: 0.5947, Elapsed: 5m41s
Epoch: 1, Batch: 1158, Loss: 0.5604, Elapsed: 6m9s
Epoch: 1, Batch: 1159, Loss: 0.6133, Elapsed: 4m59s
Epoch: 1, Batch: 1160, Loss: 0.5577, Elapsed: 5m30s
Epoch: 1, Batch: 1161, Loss: 0.5684, Elapsed: 4m46s
Epoch: 1, Batch: 1162, Loss: 0.5786, Elapsed: 3m10s
Epoch: 1, Batch: 1163, Loss: 0.6052, Elapsed: 6m55s
Epoch: 1, Batch: 1164, Loss: 0.5528, Elapsed: 4m24s
Epoch: 1, Batch: 1165, Loss: 0.5899, Elapsed: 9m12s
Epoch: 1, Batch: 1166, Loss: 0.5898, Elapsed: 5m47s
Epoch: 1, Batch: 1167, Loss: 0.5853, Elapsed: 7m0s
Epoch: 1, Batch: 1168, Loss: 0.5928, Elapsed: 7m55s
Epoch: 1, Batch: 1169, Loss: 0.5634, Elapsed: 7m9s
Epoch: 1, Batch: 1170, Loss: 0.6212, Elapsed: 6m46s
Epoch: 1, Batch: 1171, Loss: 0.5505, Elapsed: 9m29s
Epoch: 1, Batch: 1172, Loss: 0.6178, Elapsed: 8m10s
Epoch: 1, Batch: 1173, Loss: 0.5223, Elapsed: 4m12s
Epoch: 1, Batch: 1174, Loss: 0.5303, Elapsed: 6m0s
Epoch: 1, Batch: 1175, Loss: 0.5753, Elapsed: 5m25s
Epoch: 1, Batch: 1176, Loss: 0.5489, Elapsed: 5m42s
Epoch: 1, Batch: 1177, Loss: 0.6021, Elapsed: 9m6s
Epoch: 1, Batch: 1178, Loss: 0.5492, Elapsed: 7m12s
Epoch: 1, Batch: 1179, Loss: 0.5794, Elapsed: 8m16s
Epoch: 1, Batch: 1180, Loss: 0.5585, Elapsed: 7m48s
Epoch: 1, Batch: 1181, Loss: 0.5468, Elapsed: 7m24s
Epoch: 1, Batch: 1182, Loss: 0.5714, Elapsed: 6m39s
Epoch: 1, Batch: 1183, Loss: 0.5777, Elapsed: 7m27s
Epoch: 1, Batch: 1184, Loss: 0.5988, Elapsed: 9m24s
Epoch: 1, Batch: 1185, Loss: 0.6298, Elapsed: 15m52s
Epoch: 1, Batch: 1186, Loss: 0.5954, Elapsed: 6m14s
Epoch: 1, Batch: 1187, Loss: 0.5345, Elapsed: 4m5s
Epoch: 1, Batch: 1188, Loss: 0.5611, Elapsed: 5m15s
Epoch: 1, Batch: 1189, Loss: 0.6160, Elapsed: 6m3s
Epoch: 1, Batch: 1190, Loss: 0.5438, Elapsed: 4m1s
Epoch: 1, Batch: 1191, Loss: 0.5955, Elapsed: 5m24s
Epoch: 1, Batch: 1192, Loss: 0.6599, Elapsed: 9m33s
Epoch: 1, Batch: 1193, Loss: 0.6258, Elapsed: 8m21s
Epoch: 1, Batch: 1194, Loss: 0.5267, Elapsed: 3m7s
Epoch: 1, Batch: 1195, Loss: 0.5764, Elapsed: 4m48s
Epoch: 1, Batch: 1196, Loss: 0.5599, Elapsed: 4m57s
Epoch: 1, Batch: 1197, Loss: 0.5514, Elapsed: 3m55s
Epoch: 1, Batch: 1198, Loss: 0.5954, Elapsed: 3m11s
Epoch: 1, Batch: 1199, Loss: 0.5272, Elapsed: 3m8s
Epoch: 1, Batch: 1200, Loss: 0.6099, Elapsed: 5m35s
Epoch: 1, Batch: 1201, Loss: 0.5876, Elapsed: 9m45s
Epoch: 1, Batch: 1202, Loss: 0.5824, Elapsed: 8m19s
Epoch: 1, Batch: 1203, Loss: 0.6050, Elapsed: 4m5s
Epoch: 1, Batch: 1204, Loss: 0.5328, Elapsed: 3m50s
Epoch: 1, Batch: 1205, Loss: 0.5658, Elapsed: 3m42s
Epoch: 1, Batch: 1206, Loss: 0.4835, Elapsed: 2m23s
Epoch: 1, Batch: 1207, Loss: 0.5670, Elapsed: 4m54s
Epoch: 1, Batch: 1208, Loss: 0.5152, Elapsed: 4m21s
Epoch: 1, Batch: 1209, Loss: 0.5835, Elapsed: 6m24s
Epoch: 1, Batch: 1210, Loss: 0.5133, Elapsed: 2m48s
Epoch: 1, Batch: 1211, Loss: 0.5524, Elapsed: 4m12s
Epoch: 1, Batch: 1212, Loss: 0.5595, Elapsed: 3m53s
Epoch: 1, Batch: 1213, Loss: 0.5999, Elapsed: 7m16s
Epoch: 1, Batch: 1214, Loss: 0.5508, Elapsed: 3m44s
Epoch: 1, Batch: 1215, Loss: 0.5399, Elapsed: 3m19s
Epoch: 1, Batch: 1216, Loss: 0.5834, Elapsed: 4m30s
Epoch: 1, Batch: 1217, Loss: 0.5580, Elapsed: 5m51s
Epoch: 1, Batch: 1218, Loss: 0.5721, Elapsed: 6m16s
Epoch: 1, Batch: 1219, Loss: 0.5362, Elapsed: 5m15s
Epoch: 1, Batch: 1220, Loss: 0.5812, Elapsed: 8m43s
Epoch: 1, Batch: 1221, Loss: 0.5862, Elapsed: 10m27s
Epoch: 1, Batch: 1222, Loss: 0.5601, Elapsed: 4m41s
Epoch: 1, Batch: 1223, Loss: 0.6220, Elapsed: 7m9s
Epoch: 1, Batch: 1224, Loss: 0.6003, Elapsed: 8m5s
Epoch: 1, Batch: 1225, Loss: 0.6173, Elapsed: 8m29s
Epoch: 1, Batch: 1226, Loss: 0.5655, Elapsed: 6m21s
Epoch: 1, Batch: 1227, Loss: 0.5328, Elapsed: 5m21s
Epoch: 1, Batch: 1228, Loss: 0.6043, Elapsed: 9m5s
Epoch: 1, Batch: 1229, Loss: 0.6071, Elapsed: 9m23s
Epoch: 1, Batch: 1230, Loss: 0.5234, Elapsed: 4m40s
Epoch: 1, Batch: 1231, Loss: 0.5962, Elapsed: 6m12s
Epoch: 1, Batch: 1232, Loss: 0.5795, Elapsed: 6m30s
