Epoch: 1, Batch: 1, Loss: 0.7042, Elapsed: 2m50s
Epoch: 1, Batch: 2, Loss: 0.7043, Elapsed: 7m25s
Epoch: 1, Batch: 3, Loss: 0.6976, Elapsed: 4m30s
Epoch: 1, Batch: 4, Loss: 0.6934, Elapsed: 1m25s
Epoch: 1, Batch: 5, Loss: 0.6944, Elapsed: 3m33s
Epoch: 1, Batch: 6, Loss: 0.6923, Elapsed: 4m47s
Epoch: 1, Batch: 7, Loss: 0.6917, Elapsed: 2m56s
Epoch: 1, Batch: 8, Loss: 0.6920, Elapsed: 2m51s
Epoch: 1, Batch: 9, Loss: 0.6904, Elapsed: 3m38s
Epoch: 1, Batch: 10, Loss: 0.6913, Elapsed: 3m23s
Epoch: 1, Batch: 11, Loss: 0.6880, Elapsed: 3m26s
Epoch: 1, Batch: 12, Loss: 0.6891, Elapsed: 3m18s
Epoch: 1, Batch: 13, Loss: 0.6861, Elapsed: 4m27s
Epoch: 1, Batch: 14, Loss: 0.6891, Elapsed: 4m38s
Epoch: 1, Batch: 15, Loss: 0.6853, Elapsed: 4m13s
Epoch: 1, Batch: 16, Loss: 0.6859, Elapsed: 7m50s
Epoch: 1, Batch: 17, Loss: 0.6840, Elapsed: 3m21s
Epoch: 1, Batch: 18, Loss: 0.6794, Elapsed: 3m17s
Epoch: 1, Batch: 19, Loss: 0.6860, Elapsed: 5m42s
Epoch: 1, Batch: 20, Loss: 0.6760, Elapsed: 3m20s
Epoch: 1, Batch: 21, Loss: 0.6742, Elapsed: 3m54s
Epoch: 1, Batch: 22, Loss: 0.6758, Elapsed: 4m52s
Epoch: 1, Batch: 23, Loss: 0.6593, Elapsed: 2m50s
Epoch: 1, Batch: 24, Loss: 0.6653, Elapsed: 3m55s
Epoch: 1, Batch: 25, Loss: 0.6966, Elapsed: 6m44s
Epoch: 1, Batch: 26, Loss: 0.6755, Elapsed: 4m37s
Epoch: 1, Batch: 27, Loss: 0.6718, Elapsed: 4m42s
Epoch: 1, Batch: 28, Loss: 0.6697, Elapsed: 4m51s
Epoch: 1, Batch: 29, Loss: 0.6803, Elapsed: 6m29s
Epoch: 1, Batch: 30, Loss: 0.6579, Elapsed: 3m5s
Epoch: 1, Batch: 31, Loss: 0.6450, Elapsed: 2m28s
Epoch: 1, Batch: 32, Loss: 0.6682, Elapsed: 3m29s
Epoch: 1, Batch: 33, Loss: 0.6656, Elapsed: 3m50s
Epoch: 1, Batch: 34, Loss: 0.6636, Elapsed: 3m31s
Epoch: 1, Batch: 35, Loss: 0.6603, Elapsed: 4m20s
Epoch: 1, Batch: 36, Loss: 0.6578, Elapsed: 4m4s
Epoch: 1, Batch: 37, Loss: 0.6470, Elapsed: 2m56s
Epoch: 1, Batch: 38, Loss: 0.6769, Elapsed: 4m21s
Epoch: 1, Batch: 39, Loss: 0.6617, Elapsed: 4m7s
Epoch: 1, Batch: 40, Loss: 0.6925, Elapsed: 4m56s
Epoch: 1, Batch: 41, Loss: 0.6496, Elapsed: 3m16s
Epoch: 1, Batch: 42, Loss: 0.7145, Elapsed: 6m17s
Epoch: 1, Batch: 43, Loss: 0.6259, Elapsed: 2m32s
Epoch: 1, Batch: 44, Loss: 0.6594, Elapsed: 4m16s
Epoch: 1, Batch: 45, Loss: 0.6396, Elapsed: 3m13s
Epoch: 1, Batch: 46, Loss: 0.6834, Elapsed: 5m22s
Epoch: 1, Batch: 47, Loss: 0.6674, Elapsed: 4m43s
Epoch: 1, Batch: 48, Loss: 0.6481, Elapsed: 3m47s
Epoch: 1, Batch: 49, Loss: 0.6643, Elapsed: 3m53s
Epoch: 1, Batch: 50, Loss: 0.6705, Elapsed: 3m6s
Epoch: 1, Batch: 51, Loss: 0.6505, Elapsed: 2m54s
Epoch: 1, Batch: 52, Loss: 0.6397, Elapsed: 1m50s
Epoch: 1, Batch: 53, Loss: 0.8204, Elapsed: 17m56s
Epoch: 1, Batch: 54, Loss: 0.6546, Elapsed: 3m42s
Epoch: 1, Batch: 55, Loss: 0.6547, Elapsed: 4m12s
Epoch: 1, Batch: 56, Loss: 0.6550, Elapsed: 3m20s
Epoch: 1, Batch: 57, Loss: 0.6541, Elapsed: 3m34s
Epoch: 1, Batch: 58, Loss: 0.6801, Elapsed: 5m41s
Epoch: 1, Batch: 59, Loss: 0.6666, Elapsed: 2m47s
Epoch: 1, Batch: 60, Loss: 0.6555, Elapsed: 3m5s
Epoch: 1, Batch: 61, Loss: 0.6599, Elapsed: 6m40s
Epoch: 1, Batch: 62, Loss: 0.6751, Elapsed: 5m24s
Epoch: 1, Batch: 63, Loss: 0.6433, Elapsed: 2m52s
Epoch: 1, Batch: 64, Loss: 0.6691, Elapsed: 4m28s
Epoch: 1, Batch: 65, Loss: 0.6573, Elapsed: 2m22s
Epoch: 1, Batch: 66, Loss: 0.6568, Elapsed: 5m27s
Epoch: 1, Batch: 67, Loss: 0.6823, Elapsed: 3m43s
Epoch: 1, Batch: 68, Loss: 0.6576, Elapsed: 4m59s
Epoch: 1, Batch: 69, Loss: 0.7066, Elapsed: 7m29s
Epoch: 1, Batch: 70, Loss: 0.6509, Elapsed: 4m0s
Epoch: 1, Batch: 71, Loss: 0.6455, Elapsed: 2m5s
Epoch: 1, Batch: 72, Loss: 0.6544, Elapsed: 4m56s
Epoch: 1, Batch: 73, Loss: 0.6660, Elapsed: 5m8s
Epoch: 1, Batch: 74, Loss: 0.6679, Elapsed: 4m21s
Epoch: 1, Batch: 75, Loss: 0.6582, Elapsed: 3m7s
Epoch: 1, Batch: 76, Loss: 0.6913, Elapsed: 6m53s
Epoch: 1, Batch: 77, Loss: 0.6568, Elapsed: 3m57s
Epoch: 1, Batch: 78, Loss: 0.6418, Elapsed: 2m42s
Epoch: 1, Batch: 79, Loss: 0.6657, Elapsed: 5m23s
Epoch: 1, Batch: 80, Loss: 0.6730, Elapsed: 3m8s
Epoch: 1, Batch: 81, Loss: 0.6448, Elapsed: 2m38s
Epoch: 1, Batch: 82, Loss: 0.6559, Elapsed: 3m59s
Epoch: 1, Batch: 83, Loss: 0.6842, Elapsed: 3m57s
Epoch: 1, Batch: 84, Loss: 0.6058, Elapsed: 2m16s
Epoch: 1, Batch: 85, Loss: 0.6564, Elapsed: 4m49s
Epoch: 1, Batch: 86, Loss: 0.6236, Elapsed: 2m30s
Epoch: 1, Batch: 87, Loss: 0.6757, Elapsed: 3m36s
Epoch: 1, Batch: 88, Loss: 0.6338, Elapsed: 2m50s
Epoch: 1, Batch: 89, Loss: 0.5959, Elapsed: 1m39s
Epoch: 1, Batch: 90, Loss: 0.6317, Elapsed: 2m18s
Epoch: 1, Batch: 91, Loss: 0.6028, Elapsed: 2m24s
Epoch: 1, Batch: 92, Loss: 0.7057, Elapsed: 4m56s
Epoch: 1, Batch: 93, Loss: 0.6735, Elapsed: 3m40s
Epoch: 1, Batch: 94, Loss: 0.6213, Elapsed: 3m15s
Epoch: 1, Batch: 95, Loss: 0.6405, Elapsed: 3m59s
Epoch: 1, Batch: 96, Loss: 0.6558, Elapsed: 3m23s
Epoch: 1, Batch: 97, Loss: 0.6944, Elapsed: 4m57s
Epoch: 1, Batch: 98, Loss: 0.7031, Elapsed: 5m20s
Epoch: 1, Batch: 99, Loss: 0.6084, Elapsed: 1m37s
Epoch: 1, Batch: 100, Loss: 0.6321, Elapsed: 1m37s
Epoch: 1, Batch: 101, Loss: 0.6572, Elapsed: 2m16s
Epoch: 1, Batch: 102, Loss: 0.8755, Elapsed: 4m53s
Epoch: 1, Batch: 103, Loss: 0.6875, Elapsed: 2m46s
Epoch: 1, Batch: 104, Loss: 0.6959, Elapsed: 5m1s
Epoch: 1, Batch: 105, Loss: 0.6570, Elapsed: 3m25s
Epoch: 1, Batch: 106, Loss: 0.7288, Elapsed: 4m36s
Epoch: 1, Batch: 107, Loss: 0.6191, Elapsed: 2m28s
Epoch: 1, Batch: 108, Loss: 0.6388, Elapsed: 3m22s
Epoch: 1, Batch: 109, Loss: 0.6826, Elapsed: 4m29s
Epoch: 1, Batch: 110, Loss: 0.6856, Elapsed: 4m19s
Epoch: 1, Batch: 111, Loss: 0.6486, Elapsed: 2m47s
Epoch: 1, Batch: 112, Loss: 0.7018, Elapsed: 2m30s
Epoch: 1, Batch: 113, Loss: 0.6332, Elapsed: 2m20s
Epoch: 1, Batch: 114, Loss: 0.6798, Elapsed: 4m7s
Epoch: 1, Batch: 115, Loss: 0.6611, Elapsed: 2m44s
Epoch: 1, Batch: 116, Loss: 0.6229, Elapsed: 2m49s
Epoch: 1, Batch: 117, Loss: 0.6661, Elapsed: 6m11s
Epoch: 1, Batch: 118, Loss: 0.6619, Elapsed: 4m41s
Epoch: 1, Batch: 119, Loss: 0.6663, Elapsed: 3m12s
Epoch: 1, Batch: 120, Loss: 0.6510, Elapsed: 4m21s
Epoch: 1, Batch: 121, Loss: 0.6589, Elapsed: 4m8s
Epoch: 1, Batch: 122, Loss: 0.6529, Elapsed: 2m43s
Epoch: 1, Batch: 123, Loss: 0.6555, Elapsed: 4m31s
Epoch: 1, Batch: 124, Loss: 0.6711, Elapsed: 4m25s
Epoch: 1, Batch: 125, Loss: 0.6616, Elapsed: 3m32s
Epoch: 1, Batch: 126, Loss: 0.6799, Elapsed: 7m11s
Epoch: 1, Batch: 127, Loss: 0.6792, Elapsed: 5m49s
Epoch: 1, Batch: 128, Loss: 0.6214, Elapsed: 2m29s
Epoch: 1, Batch: 129, Loss: 0.6463, Elapsed: 3m8s
Epoch: 1, Batch: 130, Loss: 0.6431, Elapsed: 4m9s
Epoch: 1, Batch: 131, Loss: 0.6497, Elapsed: 2m29s
Epoch: 1, Batch: 132, Loss: 0.6530, Elapsed: 3m0s
Epoch: 1, Batch: 133, Loss: 0.6554, Elapsed: 2m56s
Epoch: 1, Batch: 134, Loss: 0.5994, Elapsed: 1m36s
Epoch: 1, Batch: 135, Loss: 0.6278, Elapsed: 2m31s
Epoch: 1, Batch: 136, Loss: 0.6374, Elapsed: 3m14s
Epoch: 1, Batch: 137, Loss: 0.6728, Elapsed: 5m13s
Epoch: 1, Batch: 138, Loss: 0.6473, Elapsed: 3m23s
Epoch: 1, Batch: 139, Loss: 0.6736, Elapsed: 4m21s
Epoch: 1, Batch: 140, Loss: 0.6329, Elapsed: 3m58s
Epoch: 1, Batch: 141, Loss: 0.6872, Elapsed: 4m42s
Epoch: 1, Batch: 142, Loss: 0.6998, Elapsed: 5m33s
Epoch: 1, Batch: 143, Loss: 0.6985, Elapsed: 4m54s
Epoch: 1, Batch: 144, Loss: 0.6571, Elapsed: 4m2s
Epoch: 1, Batch: 145, Loss: 0.6544, Elapsed: 4m2s
Epoch: 1, Batch: 146, Loss: 0.6154, Elapsed: 3m41s
Epoch: 1, Batch: 147, Loss: 0.6395, Elapsed: 2m50s
Epoch: 1, Batch: 148, Loss: 0.6349, Elapsed: 3m36s
Epoch: 1, Batch: 149, Loss: 0.6141, Elapsed: 3m6s
Epoch: 1, Batch: 150, Loss: 0.5858, Elapsed: 2m3s
Epoch: 1, Batch: 151, Loss: 0.6491, Elapsed: 2m36s
Epoch: 1, Batch: 152, Loss: 0.6283, Elapsed: 2m54s
Epoch: 1, Batch: 153, Loss: 0.6396, Elapsed: 3m38s
Epoch: 1, Batch: 154, Loss: 0.6777, Elapsed: 5m18s
Epoch: 1, Batch: 155, Loss: 0.6132, Elapsed: 3m42s
Epoch: 1, Batch: 156, Loss: 0.6461, Elapsed: 4m20s
Epoch: 1, Batch: 157, Loss: 0.6550, Elapsed: 4m2s
Epoch: 1, Batch: 158, Loss: 0.6736, Elapsed: 5m43s
Epoch: 1, Batch: 159, Loss: 0.5682, Elapsed: 1m47s
Epoch: 1, Batch: 160, Loss: 0.6321, Elapsed: 3m38s
Epoch: 1, Batch: 161, Loss: 0.6329, Elapsed: 3m36s
Epoch: 1, Batch: 162, Loss: 0.6386, Elapsed: 4m17s
Epoch: 1, Batch: 163, Loss: 0.6167, Elapsed: 3m11s
Epoch: 1, Batch: 164, Loss: 0.6206, Elapsed: 4m49s
Epoch: 1, Batch: 165, Loss: 0.5965, Elapsed: 2m22s
Epoch: 1, Batch: 166, Loss: 0.6604, Elapsed: 6m54s
Epoch: 1, Batch: 167, Loss: 0.6385, Elapsed: 4m45s
Epoch: 1, Batch: 168, Loss: 0.5891, Elapsed: 2m54s
Epoch: 1, Batch: 169, Loss: 0.6254, Elapsed: 4m21s
Epoch: 1, Batch: 170, Loss: 0.6208, Elapsed: 7m40s
Epoch: 1, Batch: 171, Loss: 0.5880, Elapsed: 2m52s
Epoch: 1, Batch: 172, Loss: 0.5641, Elapsed: 2m34s
Epoch: 1, Batch: 173, Loss: 0.6450, Elapsed: 4m53s
Epoch: 1, Batch: 174, Loss: 0.5966, Elapsed: 4m13s
Epoch: 1, Batch: 175, Loss: 0.5952, Elapsed: 4m12s
Epoch: 1, Batch: 176, Loss: 0.6039, Elapsed: 3m18s
Epoch: 1, Batch: 177, Loss: 0.5987, Elapsed: 4m36s
Epoch: 1, Batch: 178, Loss: 0.5750, Elapsed: 4m4s
Epoch: 1, Batch: 179, Loss: 0.5952, Elapsed: 4m53s
Epoch: 1, Batch: 180, Loss: 0.6173, Elapsed: 3m56s
Epoch: 1, Batch: 181, Loss: 0.6138, Elapsed: 4m35s
Epoch: 1, Batch: 182, Loss: 0.5445, Elapsed: 2m27s
Epoch: 1, Batch: 183, Loss: 0.5790, Elapsed: 1m52s
Epoch: 1, Batch: 184, Loss: 0.5700, Elapsed: 4m56s
Epoch: 1, Batch: 185, Loss: 0.5894, Elapsed: 5m27s
Epoch: 1, Batch: 186, Loss: 0.5603, Elapsed: 3m57s
Epoch: 1, Batch: 187, Loss: 0.5842, Elapsed: 3m42s
Epoch: 1, Batch: 188, Loss: 0.5484, Elapsed: 2m27s
Epoch: 1, Batch: 189, Loss: 0.4922, Elapsed: 1m38s
Epoch: 1, Batch: 190, Loss: 0.5552, Elapsed: 3m43s
Epoch: 1, Batch: 191, Loss: 0.5583, Elapsed: 3m58s
Epoch: 1, Batch: 192, Loss: 0.5580, Elapsed: 3m28s
Epoch: 1, Batch: 193, Loss: 0.5426, Elapsed: 4m2s
Epoch: 1, Batch: 194, Loss: 0.5070, Elapsed: 2m57s
Epoch: 1, Batch: 195, Loss: 0.5166, Elapsed: 3m9s
Epoch: 1, Batch: 196, Loss: 0.5906, Elapsed: 6m13s
Epoch: 1, Batch: 197, Loss: 0.5931, Elapsed: 4m29s
Epoch: 1, Batch: 198, Loss: 0.5485, Elapsed: 2m39s
Epoch: 1, Batch: 199, Loss: 0.5619, Elapsed: 3m39s
Epoch: 1, Batch: 200, Loss: 0.5577, Elapsed: 2m9s
Epoch: 1, Batch: 201, Loss: 0.5656, Elapsed: 2m26s
Epoch: 1, Batch: 202, Loss: 0.4878, Elapsed: 1m33s
Epoch: 1, Batch: 203, Loss: 0.5592, Elapsed: 3m12s
Epoch: 1, Batch: 204, Loss: 0.5519, Elapsed: 4m3s
Epoch: 1, Batch: 205, Loss: 0.5478, Elapsed: 6m11s
Epoch: 1, Batch: 206, Loss: 0.5598, Elapsed: 4m26s
Epoch: 1, Batch: 207, Loss: 0.4716, Elapsed: 2m4s
Epoch: 1, Batch: 208, Loss: 0.5499, Elapsed: 6m52s
Epoch: 1, Batch: 209, Loss: 0.5192, Elapsed: 3m10s
Epoch: 1, Batch: 210, Loss: 0.4912, Elapsed: 2m2s
Epoch: 1, Batch: 211, Loss: 0.4954, Elapsed: 3m3s
Epoch: 1, Batch: 212, Loss: 0.5528, Elapsed: 4m57s
Epoch: 1, Batch: 213, Loss: 0.5298, Elapsed: 3m37s
Epoch: 1, Batch: 214, Loss: 0.5427, Elapsed: 4m21s
Epoch: 1, Batch: 215, Loss: 0.5772, Elapsed: 5m53s
Epoch: 1, Batch: 216, Loss: 0.5357, Elapsed: 3m57s
Epoch: 1, Batch: 217, Loss: 0.5431, Elapsed: 3m41s
Epoch: 1, Batch: 218, Loss: 0.5292, Elapsed: 4m49s
Epoch: 1, Batch: 219, Loss: 0.5572, Elapsed: 4m4s
Epoch: 1, Batch: 220, Loss: 0.5526, Elapsed: 4m39s
Epoch: 1, Batch: 221, Loss: 0.4891, Elapsed: 3m29s
Epoch: 1, Batch: 222, Loss: 0.5286, Elapsed: 4m1s
Epoch: 1, Batch: 223, Loss: 0.4072, Elapsed: 1m39s
Epoch: 1, Batch: 224, Loss: 0.4952, Elapsed: 3m14s
Epoch: 1, Batch: 225, Loss: 0.5488, Elapsed: 5m12s
Epoch: 1, Batch: 226, Loss: 0.5272, Elapsed: 4m40s
Epoch: 1, Batch: 227, Loss: 0.5030, Elapsed: 1m44s
Epoch: 1, Batch: 228, Loss: 0.5184, Elapsed: 3m33s
Epoch: 1, Batch: 229, Loss: 0.5531, Elapsed: 5m10s
Epoch: 1, Batch: 230, Loss: 0.5341, Elapsed: 4m11s
Epoch: 1, Batch: 231, Loss: 0.4325, Elapsed: 2m31s
Epoch: 1, Batch: 232, Loss: 0.5208, Elapsed: 4m11s
Epoch: 1, Batch: 233, Loss: 0.4400, Elapsed: 2m13s
Epoch: 1, Batch: 234, Loss: 0.4823, Elapsed: 3m6s
Epoch: 1, Batch: 235, Loss: 0.5340, Elapsed: 4m21s
Epoch: 1, Batch: 236, Loss: 0.4662, Elapsed: 2m56s
Epoch: 1, Batch: 237, Loss: 0.5325, Elapsed: 6m14s
Epoch: 1, Batch: 238, Loss: 0.4677, Elapsed: 2m43s
Epoch: 1, Batch: 239, Loss: 0.5607, Elapsed: 7m34s
Epoch: 1, Batch: 240, Loss: 0.5362, Elapsed: 4m7s
Epoch: 1, Batch: 241, Loss: 0.5525, Elapsed: 6m24s
Epoch: 1, Batch: 242, Loss: 0.5451, Elapsed: 4m54s
Epoch: 1, Batch: 243, Loss: 0.5188, Elapsed: 2m10s
Epoch: 1, Batch: 244, Loss: 0.5489, Elapsed: 4m35s
Epoch: 1, Batch: 245, Loss: 0.5340, Elapsed: 4m39s
Epoch: 1, Batch: 246, Loss: 0.5229, Elapsed: 4m0s
Epoch: 1, Batch: 247, Loss: 0.5454, Elapsed: 5m4s
Epoch: 1, Batch: 248, Loss: 0.5075, Elapsed: 4m8s
Epoch: 1, Batch: 249, Loss: 0.5460, Elapsed: 5m0s
Epoch: 1, Batch: 250, Loss: 0.5446, Elapsed: 4m50s
Epoch: 1, Batch: 251, Loss: 0.4848, Elapsed: 2m0s
Epoch: 1, Batch: 252, Loss: 0.5708, Elapsed: 2m21s
Epoch: 1, Batch: 253, Loss: 0.5221, Elapsed: 2m19s
Epoch: 1, Batch: 254, Loss: 0.5384, Elapsed: 1m38s
Epoch: 1, Batch: 255, Loss: 0.5470, Elapsed: 3m26s
Epoch: 1, Batch: 256, Loss: 0.5462, Elapsed: 3m32s
Epoch: 1, Batch: 257, Loss: 0.5262, Elapsed: 3m5s
Epoch: 1, Batch: 258, Loss: 0.4841, Elapsed: 2m41s
Epoch: 1, Batch: 259, Loss: 0.5311, Elapsed: 5m20s
Epoch: 1, Batch: 260, Loss: 0.5520, Elapsed: 7m4s
Epoch: 1, Batch: 261, Loss: 0.4900, Elapsed: 3m15s
Epoch: 1, Batch: 262, Loss: 0.5319, Elapsed: 4m58s
Epoch: 1, Batch: 263, Loss: 0.5663, Elapsed: 6m17s
Epoch: 1, Batch: 264, Loss: 0.5329, Elapsed: 3m29s
Epoch: 1, Batch: 265, Loss: 0.4838, Elapsed: 3m6s
Epoch: 1, Batch: 266, Loss: 0.5119, Elapsed: 4m5s
Epoch: 1, Batch: 267, Loss: 0.5000, Elapsed: 5m3s
Epoch: 1, Batch: 268, Loss: 0.5526, Elapsed: 8m17s
Epoch: 1, Batch: 269, Loss: 0.5061, Elapsed: 5m29s
Epoch: 1, Batch: 270, Loss: 0.4815, Elapsed: 2m44s
Epoch: 1, Batch: 271, Loss: 0.4990, Elapsed: 3m16s
Epoch: 1, Batch: 272, Loss: 0.5366, Elapsed: 5m33s
Epoch: 1, Batch: 273, Loss: 0.4774, Elapsed: 3m10s
Epoch: 1, Batch: 274, Loss: 0.5460, Elapsed: 4m12s
Epoch: 1, Batch: 275, Loss: 0.5317, Elapsed: 3m58s
Epoch: 1, Batch: 276, Loss: 0.5315, Elapsed: 3m51s
Epoch: 1, Batch: 277, Loss: 0.5263, Elapsed: 3m49s
Epoch: 1, Batch: 278, Loss: 0.5307, Elapsed: 4m32s
Epoch: 1, Batch: 279, Loss: 0.5444, Elapsed: 5m50s
Epoch: 1, Batch: 280, Loss: 0.5236, Elapsed: 3m25s
Epoch: 1, Batch: 281, Loss: 0.5477, Elapsed: 5m52s
Epoch: 1, Batch: 282, Loss: 0.4956, Elapsed: 3m29s
Epoch: 1, Batch: 283, Loss: 0.5377, Elapsed: 5m16s
Epoch: 1, Batch: 284, Loss: 0.5308, Elapsed: 4m45s
Epoch: 1, Batch: 285, Loss: 0.5213, Elapsed: 3m58s
Epoch: 1, Batch: 286, Loss: 0.5143, Elapsed: 3m5s
Epoch: 1, Batch: 287, Loss: 0.5484, Elapsed: 7m5s
Epoch: 1, Batch: 288, Loss: 0.5108, Elapsed: 3m20s
Epoch: 1, Batch: 289, Loss: 0.5052, Elapsed: 4m19s
Epoch: 1, Batch: 290, Loss: 0.5444, Elapsed: 5m23s
Epoch: 1, Batch: 291, Loss: 0.4329, Elapsed: 2m7s
Epoch: 1, Batch: 292, Loss: 0.4889, Elapsed: 3m20s
Epoch: 1, Batch: 293, Loss: 0.5011, Elapsed: 3m28s
Epoch: 1, Batch: 294, Loss: 0.5283, Elapsed: 5m1s
Epoch: 1, Batch: 295, Loss: 0.5067, Elapsed: 3m11s
Epoch: 1, Batch: 296, Loss: 0.5715, Elapsed: 6m56s
Epoch: 1, Batch: 297, Loss: 0.4720, Elapsed: 2m52s
Epoch: 1, Batch: 298, Loss: 0.4491, Elapsed: 1m47s
Epoch: 1, Batch: 299, Loss: 0.4980, Elapsed: 1m53s
Epoch: 1, Batch: 300, Loss: 0.5104, Elapsed: 2m25s
Epoch: 1, Batch: 301, Loss: 0.5653, Elapsed: 6m5s
Epoch: 1, Batch: 302, Loss: 0.4354, Elapsed: 2m51s
Epoch: 1, Batch: 303, Loss: 0.5298, Elapsed: 6m38s
Epoch: 1, Batch: 304, Loss: 0.5278, Elapsed: 3m8s
Epoch: 1, Batch: 305, Loss: 0.5217, Elapsed: 4m0s
Epoch: 1, Batch: 306, Loss: 0.5256, Elapsed: 4m9s
Epoch: 1, Batch: 307, Loss: 0.5242, Elapsed: 2m56s
Epoch: 1, Batch: 308, Loss: 0.5370, Elapsed: 4m38s
Epoch: 1, Batch: 309, Loss: 0.5270, Elapsed: 3m57s
Epoch: 1, Batch: 310, Loss: 0.5135, Elapsed: 4m3s
Epoch: 1, Batch: 311, Loss: 0.4932, Elapsed: 4m1s
Epoch: 1, Batch: 312, Loss: 0.4333, Elapsed: 2m17s
Epoch: 1, Batch: 313, Loss: 0.5190, Elapsed: 3m58s
Epoch: 1, Batch: 314, Loss: 0.5692, Elapsed: 5m45s
Epoch: 1, Batch: 315, Loss: 0.4851, Elapsed: 2m16s
Epoch: 1, Batch: 316, Loss: 0.5381, Elapsed: 4m12s
Epoch: 1, Batch: 317, Loss: 0.5108, Elapsed: 4m46s
Epoch: 1, Batch: 318, Loss: 0.4178, Elapsed: 2m8s
Epoch: 1, Batch: 319, Loss: 0.4774, Elapsed: 3m29s
Epoch: 1, Batch: 320, Loss: 0.5477, Elapsed: 3m52s
Epoch: 1, Batch: 321, Loss: 0.4902, Elapsed: 3m40s
Epoch: 1, Batch: 322, Loss: 0.5002, Elapsed: 3m53s
Epoch: 1, Batch: 323, Loss: 0.4170, Elapsed: 2m14s
Epoch: 1, Batch: 324, Loss: 0.4204, Elapsed: 3m7s
Epoch: 1, Batch: 325, Loss: 0.4138, Elapsed: 2m49s
Epoch: 1, Batch: 326, Loss: 0.5233, Elapsed: 4m53s
Epoch: 1, Batch: 327, Loss: 0.5006, Elapsed: 4m2s
Epoch: 1, Batch: 328, Loss: 0.5566, Elapsed: 5m0s
Epoch: 1, Batch: 329, Loss: 0.4889, Elapsed: 2m28s
Epoch: 1, Batch: 330, Loss: 0.5416, Elapsed: 5m48s
Epoch: 1, Batch: 331, Loss: 0.4582, Elapsed: 2m22s
Epoch: 1, Batch: 332, Loss: 0.4136, Elapsed: 2m6s
Epoch: 1, Batch: 333, Loss: 0.4930, Elapsed: 3m30s
Epoch: 1, Batch: 334, Loss: 0.5436, Elapsed: 10m12s
Epoch: 1, Batch: 335, Loss: 0.4611, Elapsed: 2m38s
Epoch: 1, Batch: 336, Loss: 0.5065, Elapsed: 3m58s
Epoch: 1, Batch: 337, Loss: 0.5465, Elapsed: 4m58s
Epoch: 1, Batch: 338, Loss: 0.5437, Elapsed: 5m23s
Epoch: 1, Batch: 339, Loss: 0.5375, Elapsed: 4m12s
Epoch: 1, Batch: 340, Loss: 0.4890, Elapsed: 3m49s
Epoch: 1, Batch: 341, Loss: 0.4482, Elapsed: 2m19s
Epoch: 1, Batch: 342, Loss: 0.5260, Elapsed: 4m53s
Epoch: 1, Batch: 343, Loss: 0.5351, Elapsed: 4m44s
Epoch: 1, Batch: 344, Loss: 0.5059, Elapsed: 4m1s
Epoch: 1, Batch: 345, Loss: 0.5016, Elapsed: 3m2s
Epoch: 1, Batch: 346, Loss: 0.4101, Elapsed: 2m52s
Epoch: 1, Batch: 347, Loss: 0.4792, Elapsed: 3m17s
Epoch: 1, Batch: 348, Loss: 0.5474, Elapsed: 3m58s
Epoch: 1, Batch: 349, Loss: 0.5393, Elapsed: 3m45s
Epoch: 1, Batch: 350, Loss: 0.5280, Elapsed: 2m8s
Epoch: 1, Batch: 351, Loss: 0.4157, Elapsed: 3m10s
Epoch: 1, Batch: 352, Loss: 0.3687, Elapsed: 2m22s
Epoch: 1, Batch: 353, Loss: 0.5433, Elapsed: 5m13s
Epoch: 1, Batch: 354, Loss: 0.5572, Elapsed: 4m10s
Epoch: 1, Batch: 355, Loss: 0.5055, Elapsed: 4m1s
Epoch: 1, Batch: 356, Loss: 0.4831, Elapsed: 3m8s
Epoch: 1, Batch: 357, Loss: 0.5284, Elapsed: 5m32s
Epoch: 1, Batch: 358, Loss: 0.4665, Elapsed: 3m52s
Epoch: 1, Batch: 359, Loss: 0.5173, Elapsed: 3m41s
Epoch: 1, Batch: 360, Loss: 0.5762, Elapsed: 8m7s
Epoch: 1, Batch: 361, Loss: 0.4905, Elapsed: 3m25s
Epoch: 1, Batch: 362, Loss: 0.5513, Elapsed: 4m54s
Epoch: 1, Batch: 363, Loss: 0.5636, Elapsed: 4m52s
Epoch: 1, Batch: 364, Loss: 0.5137, Elapsed: 4m15s
Epoch: 1, Batch: 365, Loss: 0.5522, Elapsed: 7m52s
Epoch: 1, Batch: 366, Loss: 0.5280, Elapsed: 4m45s
Epoch: 1, Batch: 367, Loss: 0.5260, Elapsed: 4m54s
Epoch: 1, Batch: 368, Loss: 0.4847, Elapsed: 3m31s
Epoch: 1, Batch: 369, Loss: 0.4999, Elapsed: 4m53s
Epoch: 1, Batch: 370, Loss: 0.5202, Elapsed: 4m49s
Epoch: 1, Batch: 371, Loss: 0.4841, Elapsed: 4m12s
Epoch: 1, Batch: 372, Loss: 0.4632, Elapsed: 3m14s
Epoch: 1, Batch: 373, Loss: 0.5702, Elapsed: 4m21s
Epoch: 1, Batch: 374, Loss: 0.4927, Elapsed: 3m57s
Epoch: 1, Batch: 375, Loss: 0.5602, Elapsed: 4m44s
Epoch: 1, Batch: 376, Loss: 0.5134, Elapsed: 4m20s
Epoch: 1, Batch: 377, Loss: 0.5129, Elapsed: 3m49s
Epoch: 1, Batch: 378, Loss: 0.4993, Elapsed: 4m9s
Epoch: 1, Batch: 379, Loss: 0.5917, Elapsed: 5m26s
Epoch: 1, Batch: 380, Loss: 0.5236, Elapsed: 3m38s
Epoch: 1, Batch: 381, Loss: 0.5267, Elapsed: 4m37s
Epoch: 1, Batch: 382, Loss: 0.4996, Elapsed: 3m41s
Epoch: 1, Batch: 383, Loss: 0.5500, Elapsed: 6m45s
Epoch: 1, Batch: 384, Loss: 0.5276, Elapsed: 3m21s
Epoch: 1, Batch: 385, Loss: 0.5140, Elapsed: 4m2s
Epoch: 1, Batch: 386, Loss: 0.4839, Elapsed: 2m45s
Epoch: 1, Batch: 387, Loss: 0.5147, Elapsed: 4m54s
Epoch: 1, Batch: 388, Loss: 0.5834, Elapsed: 4m48s
Epoch: 1, Batch: 389, Loss: 0.5011, Elapsed: 3m10s
Epoch: 1, Batch: 390, Loss: 0.5022, Elapsed: 3m8s
Epoch: 1, Batch: 391, Loss: 0.5400, Elapsed: 4m51s
Epoch: 1, Batch: 392, Loss: 0.4325, Elapsed: 2m25s
Epoch: 1, Batch: 393, Loss: 0.5357, Elapsed: 5m33s
Epoch: 1, Batch: 394, Loss: 0.5422, Elapsed: 4m27s
Epoch: 1, Batch: 395, Loss: 0.5139, Elapsed: 4m45s
Epoch: 1, Batch: 396, Loss: 0.5256, Elapsed: 2m30s
Epoch: 1, Batch: 397, Loss: 0.4869, Elapsed: 1m38s
Epoch: 1, Batch: 398, Loss: 0.5490, Elapsed: 2m39s
Epoch: 1, Batch: 399, Loss: 0.4616, Elapsed: 1m40s
Epoch: 1, Batch: 400, Loss: 0.5268, Elapsed: 2m32s
Epoch: 1, Batch: 401, Loss: 0.5242, Elapsed: 5m21s
Epoch: 1, Batch: 402, Loss: 0.4961, Elapsed: 3m48s
Epoch: 1, Batch: 403, Loss: 0.5209, Elapsed: 5m35s
Epoch: 1, Batch: 404, Loss: 0.3519, Elapsed: 1m48s
Epoch: 1, Batch: 405, Loss: 0.4785, Elapsed: 2m19s
Epoch: 1, Batch: 406, Loss: 0.4765, Elapsed: 3m2s
Epoch: 1, Batch: 407, Loss: 0.5138, Elapsed: 4m3s
Epoch: 1, Batch: 408, Loss: 0.4735, Elapsed: 2m22s
Epoch: 1, Batch: 409, Loss: 0.5385, Elapsed: 5m1s
Epoch: 1, Batch: 410, Loss: 0.5361, Elapsed: 6m20s
Epoch: 1, Batch: 411, Loss: 0.4962, Elapsed: 3m33s
Epoch: 1, Batch: 412, Loss: 0.5209, Elapsed: 5m22s
Epoch: 1, Batch: 413, Loss: 0.4439, Elapsed: 2m55s
Epoch: 1, Batch: 414, Loss: 0.5352, Elapsed: 5m32s
Epoch: 1, Batch: 415, Loss: 0.5293, Elapsed: 3m37s
Epoch: 1, Batch: 416, Loss: 0.5381, Elapsed: 4m56s
Epoch: 1, Batch: 417, Loss: 0.4439, Elapsed: 2m44s
Epoch: 1, Batch: 418, Loss: 0.4818, Elapsed: 4m19s
Epoch: 1, Batch: 419, Loss: 0.5328, Elapsed: 5m19s
Epoch: 1, Batch: 420, Loss: 0.5078, Elapsed: 3m26s
Epoch: 1, Batch: 421, Loss: 0.5450, Elapsed: 3m40s
Epoch: 1, Batch: 422, Loss: 0.5251, Elapsed: 4m15s
Epoch: 1, Batch: 423, Loss: 0.5318, Elapsed: 4m20s
Epoch: 1, Batch: 424, Loss: 0.4556, Elapsed: 2m44s
Epoch: 1, Batch: 425, Loss: 0.4458, Elapsed: 2m40s
Epoch: 1, Batch: 426, Loss: 0.5082, Elapsed: 3m52s
Epoch: 1, Batch: 427, Loss: 0.5549, Elapsed: 5m14s
Epoch: 1, Batch: 428, Loss: 0.4717, Elapsed: 2m59s
Epoch: 1, Batch: 429, Loss: 0.5088, Elapsed: 3m8s
Epoch: 1, Batch: 430, Loss: 0.5542, Elapsed: 6m10s
Epoch: 1, Batch: 431, Loss: 0.5105, Elapsed: 3m50s
Epoch: 1, Batch: 432, Loss: 0.4717, Elapsed: 2m54s
Epoch: 1, Batch: 433, Loss: 0.5094, Elapsed: 5m1s
Epoch: 1, Batch: 434, Loss: 0.4830, Elapsed: 4m5s
Epoch: 1, Batch: 435, Loss: 0.5476, Elapsed: 2m53s
Epoch: 1, Batch: 436, Loss: 0.4228, Elapsed: 3m27s
Epoch: 1, Batch: 437, Loss: 0.4784, Elapsed: 2m55s
Epoch: 1, Batch: 438, Loss: 0.4407, Elapsed: 2m30s
Epoch: 1, Batch: 439, Loss: 0.4796, Elapsed: 2m54s
Epoch: 1, Batch: 440, Loss: 0.5077, Elapsed: 3m50s
Epoch: 1, Batch: 441, Loss: 0.5031, Elapsed: 3m54s
Epoch: 1, Batch: 442, Loss: 0.5430, Elapsed: 5m40s
Epoch: 1, Batch: 443, Loss: 0.4532, Elapsed: 2m31s
Epoch: 1, Batch: 444, Loss: 0.4937, Elapsed: 4m50s
Epoch: 1, Batch: 445, Loss: 0.4524, Elapsed: 3m6s
Epoch: 1, Batch: 446, Loss: 0.5237, Elapsed: 5m4s
Epoch: 1, Batch: 447, Loss: 0.5067, Elapsed: 3m30s
Epoch: 1, Batch: 448, Loss: 0.4552, Elapsed: 2m23s
Epoch: 1, Batch: 449, Loss: 0.4373, Elapsed: 1m56s
Epoch: 1, Batch: 450, Loss: 0.4521, Elapsed: 1m22s
Epoch: 1, Batch: 451, Loss: 0.4877, Elapsed: 4m42s
Epoch: 1, Batch: 452, Loss: 0.4992, Elapsed: 4m25s
Epoch: 1, Batch: 453, Loss: 0.5153, Elapsed: 4m47s
Epoch: 1, Batch: 454, Loss: 0.5184, Elapsed: 4m33s
Epoch: 1, Batch: 455, Loss: 0.5257, Elapsed: 6m1s
Epoch: 1, Batch: 456, Loss: 0.4847, Elapsed: 4m17s
Epoch: 1, Batch: 457, Loss: 0.5133, Elapsed: 3m53s
Epoch: 1, Batch: 458, Loss: 0.5387, Elapsed: 4m50s
Epoch: 1, Batch: 459, Loss: 0.5303, Elapsed: 7m35s
Epoch: 1, Batch: 460, Loss: 0.5190, Elapsed: 3m22s
Epoch: 1, Batch: 461, Loss: 0.4196, Elapsed: 2m54s
Epoch: 1, Batch: 462, Loss: 0.5245, Elapsed: 5m25s
Epoch: 1, Batch: 463, Loss: 0.5296, Elapsed: 4m13s
Epoch: 1, Batch: 464, Loss: 0.5384, Elapsed: 3m50s
Epoch: 1, Batch: 465, Loss: 0.4442, Elapsed: 2m4s
Epoch: 1, Batch: 466, Loss: 0.5438, Elapsed: 5m22s
Epoch: 1, Batch: 467, Loss: 0.4641, Elapsed: 3m2s
Epoch: 1, Batch: 468, Loss: 0.4832, Elapsed: 3m11s
Epoch: 1, Batch: 469, Loss: 0.4648, Elapsed: 3m8s
Epoch: 1, Batch: 470, Loss: 0.4891, Elapsed: 3m34s
Epoch: 1, Batch: 471, Loss: 0.4322, Elapsed: 3m30s
Epoch: 1, Batch: 472, Loss: 0.4842, Elapsed: 3m34s
Epoch: 1, Batch: 473, Loss: 0.4930, Elapsed: 4m2s
Epoch: 1, Batch: 474, Loss: 0.4956, Elapsed: 3m56s
Epoch: 1, Batch: 475, Loss: 0.4821, Elapsed: 3m56s
Epoch: 1, Batch: 476, Loss: 0.4695, Elapsed: 3m33s
Epoch: 1, Batch: 477, Loss: 0.4677, Elapsed: 3m18s
Epoch: 1, Batch: 478, Loss: 0.4665, Elapsed: 3m12s
Epoch: 1, Batch: 479, Loss: 0.5074, Elapsed: 3m42s
Epoch: 1, Batch: 480, Loss: 0.5279, Elapsed: 3m54s
Epoch: 1, Batch: 481, Loss: 0.4860, Elapsed: 4m0s
Epoch: 1, Batch: 482, Loss: 0.5445, Elapsed: 6m57s
Epoch: 1, Batch: 483, Loss: 0.5142, Elapsed: 5m7s
Epoch: 1, Batch: 484, Loss: 0.4588, Elapsed: 3m22s
Epoch: 1, Batch: 485, Loss: 0.5311, Elapsed: 5m11s
Epoch: 1, Batch: 486, Loss: 0.4339, Elapsed: 2m56s
Epoch: 1, Batch: 487, Loss: 0.4339, Elapsed: 2m5s
Epoch: 1, Batch: 488, Loss: 0.5084, Elapsed: 4m56s
Epoch: 1, Batch: 489, Loss: 0.4905, Elapsed: 3m46s
Epoch: 1, Batch: 490, Loss: 0.5158, Elapsed: 4m35s
Epoch: 1, Batch: 491, Loss: 0.5094, Elapsed: 4m0s
Epoch: 1, Batch: 492, Loss: 0.5386, Elapsed: 4m13s
Epoch: 1, Batch: 493, Loss: 0.4747, Elapsed: 2m31s
Epoch: 1, Batch: 494, Loss: 0.4445, Elapsed: 2m37s
Epoch: 1, Batch: 495, Loss: 0.5162, Elapsed: 4m1s
Epoch: 1, Batch: 496, Loss: 0.4971, Elapsed: 3m13s
Epoch: 1, Batch: 497, Loss: 0.5529, Elapsed: 6m17s
Epoch: 1, Batch: 498, Loss: 0.4086, Elapsed: 2m23s
Epoch: 1, Batch: 499, Loss: 0.5370, Elapsed: 3m49s
Epoch: 1, Batch: 500, Loss: 0.4907, Elapsed: 2m34s
Epoch: 1, Batch: 501, Loss: 0.4910, Elapsed: 3m46s
Epoch: 1, Batch: 502, Loss: 0.4098, Elapsed: 3m14s
Epoch: 1, Batch: 503, Loss: 0.4604, Elapsed: 3m15s
Epoch: 1, Batch: 504, Loss: 0.3876, Elapsed: 3m17s
Epoch: 1, Batch: 505, Loss: 0.4592, Elapsed: 3m36s
Epoch: 1, Batch: 506, Loss: 0.4218, Elapsed: 3m6s
Epoch: 1, Batch: 507, Loss: 0.5442, Elapsed: 4m59s
Epoch: 1, Batch: 508, Loss: 0.4907, Elapsed: 3m30s
Epoch: 1, Batch: 509, Loss: 0.5053, Elapsed: 2m41s
Epoch: 1, Batch: 510, Loss: 0.5208, Elapsed: 4m48s
Epoch: 1, Batch: 511, Loss: 0.4975, Elapsed: 3m20s
Epoch: 1, Batch: 512, Loss: 0.4851, Elapsed: 2m50s
Epoch: 1, Batch: 513, Loss: 0.5741, Elapsed: 6m13s
Epoch: 1, Batch: 514, Loss: 0.5219, Elapsed: 3m32s
Epoch: 1, Batch: 515, Loss: 0.4876, Elapsed: 2m56s
Epoch: 1, Batch: 516, Loss: 0.4701, Elapsed: 3m42s
Epoch: 1, Batch: 517, Loss: 0.4228, Elapsed: 2m35s
Epoch: 1, Batch: 518, Loss: 0.5073, Elapsed: 3m32s
Epoch: 1, Batch: 519, Loss: 0.4618, Elapsed: 2m50s
Epoch: 1, Batch: 520, Loss: 0.4881, Elapsed: 4m17s
Epoch: 1, Batch: 521, Loss: 0.4955, Elapsed: 2m43s
Epoch: 1, Batch: 522, Loss: 0.4957, Elapsed: 3m22s
Epoch: 1, Batch: 523, Loss: 0.5389, Elapsed: 4m30s
Epoch: 1, Batch: 524, Loss: 0.4603, Elapsed: 3m20s
Epoch: 1, Batch: 525, Loss: 0.4073, Elapsed: 2m5s
Epoch: 1, Batch: 526, Loss: 0.4822, Elapsed: 2m40s
Epoch: 1, Batch: 527, Loss: 0.5410, Elapsed: 7m8s
Epoch: 1, Batch: 528, Loss: 0.4801, Elapsed: 4m27s
Epoch: 1, Batch: 529, Loss: 0.5247, Elapsed: 5m33s
Epoch: 1, Batch: 530, Loss: 0.5226, Elapsed: 5m10s
Epoch: 1, Batch: 531, Loss: 0.4827, Elapsed: 4m51s
Epoch: 1, Batch: 532, Loss: 0.5148, Elapsed: 4m59s
Epoch: 1, Batch: 533, Loss: 0.5134, Elapsed: 4m56s
Epoch: 1, Batch: 534, Loss: 0.4892, Elapsed: 4m10s
Epoch: 1, Batch: 535, Loss: 0.5030, Elapsed: 3m2s
Epoch: 1, Batch: 536, Loss: 0.4976, Elapsed: 4m16s
Epoch: 1, Batch: 537, Loss: 0.4840, Elapsed: 4m39s
Epoch: 1, Batch: 538, Loss: 0.4952, Elapsed: 4m6s
Epoch: 1, Batch: 539, Loss: 0.4311, Elapsed: 3m17s
Epoch: 1, Batch: 540, Loss: 0.4784, Elapsed: 2m20s
Epoch: 1, Batch: 541, Loss: 0.5100, Elapsed: 5m47s
Epoch: 1, Batch: 542, Loss: 0.4524, Elapsed: 3m8s
Epoch: 1, Batch: 543, Loss: 0.4949, Elapsed: 5m8s
Epoch: 1, Batch: 544, Loss: 0.5009, Elapsed: 4m24s
Epoch: 1, Batch: 545, Loss: 0.4421, Elapsed: 3m0s
Epoch: 1, Batch: 546, Loss: 0.4731, Elapsed: 3m42s
Epoch: 1, Batch: 547, Loss: 0.5456, Elapsed: 4m58s
Epoch: 1, Batch: 548, Loss: 0.4593, Elapsed: 2m39s
Epoch: 1, Batch: 549, Loss: 0.5012, Elapsed: 2m46s
Epoch: 1, Batch: 550, Loss: 0.5389, Elapsed: 3m46s
Epoch: 1, Batch: 551, Loss: 0.4690, Elapsed: 3m35s
Epoch: 1, Batch: 552, Loss: 0.5175, Elapsed: 4m33s
Epoch: 1, Batch: 553, Loss: 0.5201, Elapsed: 4m43s
Epoch: 1, Batch: 554, Loss: 0.4720, Elapsed: 3m3s
Epoch: 1, Batch: 555, Loss: 0.4726, Elapsed: 1m36s
Epoch: 1, Batch: 556, Loss: 0.5175, Elapsed: 5m18s
Epoch: 1, Batch: 557, Loss: 0.5218, Elapsed: 4m3s
Epoch: 1, Batch: 558, Loss: 0.4832, Elapsed: 2m44s
Epoch: 1, Batch: 559, Loss: 0.5322, Elapsed: 4m21s
Epoch: 1, Batch: 560, Loss: 0.5344, Elapsed: 4m19s
Epoch: 1, Batch: 561, Loss: 0.4850, Elapsed: 3m54s
Epoch: 1, Batch: 562, Loss: 0.4304, Elapsed: 2m8s
Epoch: 1, Batch: 563, Loss: 0.5372, Elapsed: 5m2s
Epoch: 1, Batch: 564, Loss: 0.5511, Elapsed: 4m11s
Epoch: 1, Batch: 565, Loss: 0.4557, Elapsed: 2m59s
Epoch: 1, Batch: 566, Loss: 0.4991, Elapsed: 3m34s
Epoch: 1, Batch: 567, Loss: 0.5048, Elapsed: 3m52s
Epoch: 1, Batch: 568, Loss: 0.4770, Elapsed: 4m29s
Epoch: 1, Batch: 569, Loss: 0.5198, Elapsed: 4m38s
Epoch: 1, Batch: 570, Loss: 0.5180, Elapsed: 4m5s
Epoch: 1, Batch: 571, Loss: 0.5283, Elapsed: 6m3s
Epoch: 1, Batch: 572, Loss: 0.5039, Elapsed: 4m43s
Epoch: 1, Batch: 573, Loss: 0.4221, Elapsed: 2m39s
Epoch: 1, Batch: 574, Loss: 0.5238, Elapsed: 3m5s
Epoch: 1, Batch: 575, Loss: 0.4568, Elapsed: 3m2s
Epoch: 1, Batch: 576, Loss: 0.5440, Elapsed: 4m11s
Epoch: 1, Batch: 577, Loss: 0.4962, Elapsed: 5m41s
Epoch: 1, Batch: 578, Loss: 0.5304, Elapsed: 4m12s
Epoch: 1, Batch: 579, Loss: 0.5403, Elapsed: 6m14s
Epoch: 1, Batch: 580, Loss: 0.5334, Elapsed: 4m48s
Epoch: 1, Batch: 581, Loss: 0.4593, Elapsed: 3m6s
Epoch: 1, Batch: 582, Loss: 0.5340, Elapsed: 3m53s
Epoch: 1, Batch: 583, Loss: 0.4982, Elapsed: 3m51s
Epoch: 1, Batch: 584, Loss: 0.5266, Elapsed: 6m0s
Epoch: 1, Batch: 585, Loss: 0.4663, Elapsed: 2m30s
Epoch: 1, Batch: 586, Loss: 0.5084, Elapsed: 3m29s
Epoch: 1, Batch: 587, Loss: 0.4823, Elapsed: 3m23s
Epoch: 1, Batch: 588, Loss: 0.4679, Elapsed: 2m50s
Epoch: 1, Batch: 589, Loss: 0.5372, Elapsed: 4m59s
Epoch: 1, Batch: 590, Loss: 0.4921, Elapsed: 3m39s
Epoch: 1, Batch: 591, Loss: 0.5145, Elapsed: 5m32s
Epoch: 1, Batch: 592, Loss: 0.5430, Elapsed: 6m12s
Epoch: 1, Batch: 593, Loss: 0.5068, Elapsed: 4m7s
Epoch: 1, Batch: 594, Loss: 0.5017, Elapsed: 3m15s
Epoch: 1, Batch: 595, Loss: 0.5195, Elapsed: 4m28s
Epoch: 1, Batch: 596, Loss: 0.4328, Elapsed: 1m58s
Epoch: 1, Batch: 597, Loss: 0.5232, Elapsed: 4m18s
Epoch: 1, Batch: 598, Loss: 0.4836, Elapsed: 3m34s
Epoch: 1, Batch: 599, Loss: 0.4820, Elapsed: 2m15s
Epoch: 1, Batch: 600, Loss: 0.5266, Elapsed: 2m50s
Epoch: 1, Batch: 601, Loss: 0.4885, Elapsed: 3m44s
Epoch: 1, Batch: 602, Loss: 0.5342, Elapsed: 5m3s
Epoch: 1, Batch: 603, Loss: 0.4924, Elapsed: 3m48s
Epoch: 1, Batch: 604, Loss: 0.5198, Elapsed: 3m33s
Epoch: 1, Batch: 605, Loss: 0.5020, Elapsed: 2m27s
Epoch: 1, Batch: 606, Loss: 0.4399, Elapsed: 2m25s
Epoch: 1, Batch: 607, Loss: 0.5227, Elapsed: 4m39s
Epoch: 1, Batch: 608, Loss: 0.3997, Elapsed: 2m14s
Epoch: 1, Batch: 609, Loss: 0.5364, Elapsed: 4m28s
Epoch: 1, Batch: 610, Loss: 0.5557, Elapsed: 5m55s
Epoch: 1, Batch: 611, Loss: 0.4456, Elapsed: 3m28s
Epoch: 1, Batch: 612, Loss: 0.5092, Elapsed: 4m47s
Epoch: 1, Batch: 613, Loss: 0.4943, Elapsed: 3m47s
Epoch: 1, Batch: 614, Loss: 0.3718, Elapsed: 2m17s
Epoch: 1, Batch: 615, Loss: 0.5194, Elapsed: 4m4s
Epoch: 1, Batch: 616, Loss: 0.4378, Elapsed: 2m18s
Epoch: 1, Batch: 617, Loss: 0.4503, Elapsed: 4m13s
Epoch: 1, Batch: 618, Loss: 0.5067, Elapsed: 4m38s
Epoch: 1, Batch: 619, Loss: 0.5760, Elapsed: 5m6s
Epoch: 1, Batch: 620, Loss: 0.4445, Elapsed: 2m56s
Epoch: 1, Batch: 621, Loss: 0.5059, Elapsed: 3m47s
Epoch: 1, Batch: 622, Loss: 0.4611, Elapsed: 2m47s
Epoch: 1, Batch: 623, Loss: 0.5405, Elapsed: 4m24s
Epoch: 1, Batch: 624, Loss: 0.4983, Elapsed: 3m17s
Epoch: 1, Batch: 625, Loss: 0.4716, Elapsed: 3m13s
Epoch: 1, Batch: 626, Loss: 0.4927, Elapsed: 2m48s
Epoch: 1, Batch: 627, Loss: 0.4789, Elapsed: 3m49s
Epoch: 1, Batch: 628, Loss: 0.4782, Elapsed: 2m48s
Epoch: 1, Batch: 629, Loss: 0.5234, Elapsed: 6m46s
Epoch: 1, Batch: 630, Loss: 0.5182, Elapsed: 5m30s
Epoch: 1, Batch: 631, Loss: 0.4077, Elapsed: 1m19s
Epoch: 1, Batch: 632, Loss: 0.5378, Elapsed: 6m36s
Epoch: 1, Batch: 633, Loss: 0.5144, Elapsed: 6m8s
Epoch: 1, Batch: 634, Loss: 0.4586, Elapsed: 3m48s
Epoch: 1, Batch: 635, Loss: 0.4867, Elapsed: 3m46s
Epoch: 1, Batch: 636, Loss: 0.4461, Elapsed: 4m3s
Epoch: 1, Batch: 637, Loss: 0.4326, Elapsed: 3m10s
Epoch: 1, Batch: 638, Loss: 0.4885, Elapsed: 3m50s
Epoch: 1, Batch: 639, Loss: 0.4727, Elapsed: 3m4s
Epoch: 1, Batch: 640, Loss: 0.3336, Elapsed: 1m55s
Epoch: 1, Batch: 641, Loss: 0.4909, Elapsed: 3m43s
Epoch: 1, Batch: 642, Loss: 0.5204, Elapsed: 4m54s
Epoch: 1, Batch: 643, Loss: 0.4599, Elapsed: 2m2s
Epoch: 1, Batch: 644, Loss: 0.5053, Elapsed: 3m19s
Epoch: 1, Batch: 645, Loss: 0.4899, Elapsed: 2m33s
Epoch: 1, Batch: 646, Loss: 0.4701, Elapsed: 2m40s
Epoch: 1, Batch: 647, Loss: 0.5258, Elapsed: 2m30s
Epoch: 1, Batch: 648, Loss: 0.4872, Elapsed: 2m26s
Epoch: 1, Batch: 649, Loss: 0.4002, Elapsed: 1m48s
Epoch: 1, Batch: 650, Loss: 0.4857, Elapsed: 2m39s
Epoch: 1, Batch: 651, Loss: 0.5106, Elapsed: 2m47s
Epoch: 1, Batch: 652, Loss: 0.4974, Elapsed: 2m20s
Epoch: 1, Batch: 653, Loss: 0.5133, Elapsed: 4m35s
Epoch: 1, Batch: 654, Loss: 0.5182, Elapsed: 4m0s
Epoch: 1, Batch: 655, Loss: 0.5020, Elapsed: 4m8s
Epoch: 1, Batch: 656, Loss: 0.6026, Elapsed: 5m20s
Epoch: 1, Batch: 657, Loss: 0.4875, Elapsed: 3m35s
Epoch: 1, Batch: 658, Loss: 0.4637, Elapsed: 3m37s
Epoch: 1, Batch: 659, Loss: 0.5322, Elapsed: 5m26s
Epoch: 1, Batch: 660, Loss: 0.4463, Elapsed: 2m40s
Epoch: 1, Batch: 661, Loss: 0.5161, Elapsed: 5m0s
Epoch: 1, Batch: 662, Loss: 0.5237, Elapsed: 4m46s
Epoch: 1, Batch: 663, Loss: 0.5416, Elapsed: 6m18s
Epoch: 1, Batch: 664, Loss: 0.5106, Elapsed: 7m18s
Epoch: 1, Batch: 665, Loss: 0.5209, Elapsed: 5m24s
Epoch: 1, Batch: 666, Loss: 0.4963, Elapsed: 3m1s
Epoch: 1, Batch: 667, Loss: 0.5521, Elapsed: 6m0s
Epoch: 1, Batch: 668, Loss: 0.5098, Elapsed: 4m21s
Epoch: 1, Batch: 669, Loss: 0.5523, Elapsed: 4m31s
Epoch: 1, Batch: 670, Loss: 0.5270, Elapsed: 2m52s
Epoch: 1, Batch: 671, Loss: 0.5385, Elapsed: 4m11s
Epoch: 1, Batch: 672, Loss: 0.4616, Elapsed: 2m42s
Epoch: 1, Batch: 673, Loss: 0.5143, Elapsed: 5m12s
Epoch: 1, Batch: 674, Loss: 0.4643, Elapsed: 3m9s
Epoch: 1, Batch: 675, Loss: 0.5233, Elapsed: 4m14s
Epoch: 1, Batch: 676, Loss: 0.5167, Elapsed: 4m40s
Epoch: 1, Batch: 677, Loss: 0.5295, Elapsed: 4m25s
Epoch: 1, Batch: 678, Loss: 0.5001, Elapsed: 3m40s
Epoch: 1, Batch: 679, Loss: 0.4745, Elapsed: 3m33s
Epoch: 1, Batch: 680, Loss: 0.4530, Elapsed: 2m11s
Epoch: 1, Batch: 681, Loss: 0.5031, Elapsed: 3m49s
Epoch: 1, Batch: 682, Loss: 0.5138, Elapsed: 3m58s
Epoch: 1, Batch: 683, Loss: 0.5190, Elapsed: 6m33s
Epoch: 1, Batch: 684, Loss: 0.4867, Elapsed: 3m56s
Epoch: 1, Batch: 685, Loss: 0.4946, Elapsed: 3m42s
Epoch: 1, Batch: 686, Loss: 0.4574, Elapsed: 2m55s
Epoch: 1, Batch: 687, Loss: 0.5347, Elapsed: 3m28s
Epoch: 1, Batch: 688, Loss: 0.4543, Elapsed: 2m14s
Epoch: 1, Batch: 689, Loss: 0.5151, Elapsed: 4m29s
Epoch: 1, Batch: 690, Loss: 0.5322, Elapsed: 3m39s
Epoch: 1, Batch: 691, Loss: 0.5566, Elapsed: 4m28s
Epoch: 1, Batch: 692, Loss: 0.4921, Elapsed: 2m59s
Epoch: 1, Batch: 693, Loss: 0.4848, Elapsed: 3m5s
Epoch: 1, Batch: 694, Loss: 0.5141, Elapsed: 2m46s
Epoch: 1, Batch: 695, Loss: 0.5481, Elapsed: 3m32s
Epoch: 1, Batch: 696, Loss: 0.5117, Elapsed: 3m7s
Epoch: 1, Batch: 697, Loss: 0.3760, Elapsed: 1m36s
Epoch: 1, Batch: 698, Loss: 0.4429, Elapsed: 1m47s
Epoch: 1, Batch: 699, Loss: 0.4858, Elapsed: 3m5s
Epoch: 1, Batch: 700, Loss: 0.5299, Elapsed: 2m22s
Epoch: 1, Batch: 701, Loss: 0.5050, Elapsed: 4m23s
Epoch: 1, Batch: 702, Loss: 0.6558, Elapsed: 5m42s
Epoch: 1, Batch: 703, Loss: 0.5582, Elapsed: 6m46s
Epoch: 1, Batch: 704, Loss: 0.4792, Elapsed: 2m51s
Epoch: 1, Batch: 705, Loss: 0.4876, Elapsed: 5m10s
Epoch: 1, Batch: 706, Loss: 0.5502, Elapsed: 5m41s
Epoch: 1, Batch: 707, Loss: 0.4111, Elapsed: 1m42s
Epoch: 1, Batch: 708, Loss: 0.4786, Elapsed: 3m52s
Epoch: 1, Batch: 709, Loss: 0.5115, Elapsed: 5m39s
Epoch: 1, Batch: 710, Loss: 0.4643, Elapsed: 3m14s
Epoch: 1, Batch: 711, Loss: 0.5312, Elapsed: 4m51s
Epoch: 1, Batch: 712, Loss: 0.5073, Elapsed: 3m46s
Epoch: 1, Batch: 713, Loss: 0.4847, Elapsed: 3m28s
Epoch: 1, Batch: 714, Loss: 0.5262, Elapsed: 5m38s
Epoch: 1, Batch: 715, Loss: 0.5138, Elapsed: 3m42s
Epoch: 1, Batch: 716, Loss: 0.5106, Elapsed: 4m21s
Epoch: 1, Batch: 717, Loss: 0.4997, Elapsed: 3m9s
Epoch: 1, Batch: 718, Loss: 0.4898, Elapsed: 3m26s
Epoch: 1, Batch: 719, Loss: 0.4868, Elapsed: 3m10s
Epoch: 1, Batch: 720, Loss: 0.4785, Elapsed: 2m35s
Epoch: 1, Batch: 721, Loss: 0.4649, Elapsed: 3m5s
Epoch: 1, Batch: 722, Loss: 0.5115, Elapsed: 4m15s
Epoch: 1, Batch: 723, Loss: 0.4534, Elapsed: 2m27s
Epoch: 1, Batch: 724, Loss: 0.4578, Elapsed: 4m5s
Epoch: 1, Batch: 725, Loss: 0.5100, Elapsed: 2m5s
