Epoch: 1, Batch: 1, Loss: 0.8831, Elapsed: 7m59s
Epoch: 1, Batch: 2, Loss: 0.9060, Elapsed: 8m58s
Epoch: 1, Batch: 3, Loss: 0.9908, Elapsed: 14m54s
Epoch: 1, Batch: 4, Loss: 0.9485, Elapsed: 12m8s
Epoch: 1, Batch: 5, Loss: 0.8058, Elapsed: 11m11s
Epoch: 1, Batch: 6, Loss: 0.8107, Elapsed: 12m30s
Epoch: 1, Batch: 7, Loss: 0.7672, Elapsed: 8m49s
Epoch: 1, Batch: 8, Loss: 0.7650, Elapsed: 14m1s
Epoch: 1, Batch: 9, Loss: 0.7808, Elapsed: 14m54s
Epoch: 1, Batch: 10, Loss: 0.8059, Elapsed: 11m1s
Epoch: 1, Batch: 11, Loss: 0.7103, Elapsed: 7m41s
Epoch: 1, Batch: 12, Loss: 0.7097, Elapsed: 7m0s
Epoch: 1, Batch: 13, Loss: 0.7575, Elapsed: 13m36s
Epoch: 1, Batch: 14, Loss: 0.7064, Elapsed: 9m31s
Epoch: 1, Batch: 15, Loss: 0.7162, Elapsed: 12m18s
Epoch: 1, Batch: 16, Loss: 0.7186, Elapsed: 15m33s
Epoch: 1, Batch: 17, Loss: 0.7190, Elapsed: 14m1s
Epoch: 1, Batch: 18, Loss: 0.7769, Elapsed: 19m7s
Epoch: 1, Batch: 19, Loss: 0.6981, Elapsed: 12m18s
Epoch: 1, Batch: 20, Loss: 0.6831, Elapsed: 11m55s
Epoch: 1, Batch: 21, Loss: 0.6721, Elapsed: 10m59s
Epoch: 1, Batch: 22, Loss: 0.7236, Elapsed: 7m3s
Epoch: 1, Batch: 23, Loss: 0.7083, Elapsed: 10m16s
Epoch: 1, Batch: 24, Loss: 0.7162, Elapsed: 12m29s
Epoch: 1, Batch: 25, Loss: 0.6948, Elapsed: 15m33s
Epoch: 1, Batch: 26, Loss: 0.7059, Elapsed: 9m4s
Epoch: 1, Batch: 27, Loss: 0.7040, Elapsed: 15m37s
Epoch: 1, Batch: 28, Loss: 0.6587, Elapsed: 16m28s
Epoch: 1, Batch: 29, Loss: 0.7059, Elapsed: 16m34s
Epoch: 1, Batch: 30, Loss: 0.6761, Elapsed: 11m53s
Epoch: 1, Batch: 31, Loss: 0.6890, Elapsed: 11m24s
Epoch: 1, Batch: 32, Loss: 0.6769, Elapsed: 11m12s
Epoch: 1, Batch: 33, Loss: 0.6863, Elapsed: 16m13s
Epoch: 1, Batch: 34, Loss: 0.7041, Elapsed: 6m50s
Epoch: 1, Batch: 35, Loss: 0.6754, Elapsed: 10m29s
Epoch: 1, Batch: 36, Loss: 0.6779, Elapsed: 9m1s
Epoch: 1, Batch: 37, Loss: 0.6740, Elapsed: 11m51s
Epoch: 1, Batch: 38, Loss: 0.6655, Elapsed: 12m17s
Epoch: 1, Batch: 39, Loss: 0.6863, Elapsed: 11m2s
Epoch: 1, Batch: 40, Loss: 0.6690, Elapsed: 12m20s
Epoch: 1, Batch: 41, Loss: 0.6666, Elapsed: 8m19s
Epoch: 1, Batch: 42, Loss: 0.6712, Elapsed: 8m14s
Epoch: 1, Batch: 43, Loss: 0.6506, Elapsed: 9m29s
Epoch: 1, Batch: 44, Loss: 0.6718, Elapsed: 16m37s
Epoch: 1, Batch: 45, Loss: 0.6862, Elapsed: 10m45s
Epoch: 1, Batch: 46, Loss: 0.6841, Elapsed: 13m58s
Epoch: 1, Batch: 47, Loss: 0.6526, Elapsed: 11m59s
Epoch: 1, Batch: 48, Loss: 0.6705, Elapsed: 10m46s
Epoch: 1, Batch: 49, Loss: 0.6762, Elapsed: 12m39s
Epoch: 1, Batch: 50, Loss: 0.6538, Elapsed: 10m16s
Epoch: 1, Batch: 51, Loss: 0.6614, Elapsed: 13m27s
Epoch: 1, Batch: 52, Loss: 0.6664, Elapsed: 11m48s
Epoch: 1, Batch: 53, Loss: 0.6551, Elapsed: 12m23s
Epoch: 1, Batch: 54, Loss: 0.6534, Elapsed: 12m56s
Epoch: 1, Batch: 55, Loss: 0.6638, Elapsed: 10m11s
Epoch: 1, Batch: 56, Loss: 0.6611, Elapsed: 16m4s
Epoch: 1, Batch: 57, Loss: 0.6648, Elapsed: 14m2s
Epoch: 1, Batch: 58, Loss: 0.6479, Elapsed: 9m32s
Epoch: 1, Batch: 59, Loss: 0.6567, Elapsed: 15m7s
Epoch: 1, Batch: 60, Loss: 0.6554, Elapsed: 15m26s
Epoch: 1, Batch: 61, Loss: 0.6806, Elapsed: 13m29s
Epoch: 1, Batch: 62, Loss: 0.6487, Elapsed: 8m52s
Epoch: 1, Batch: 63, Loss: 0.6678, Elapsed: 13m48s
Epoch: 1, Batch: 64, Loss: 0.6362, Elapsed: 11m35s
Epoch: 1, Batch: 65, Loss: 0.6757, Elapsed: 13m26s
Epoch: 1, Batch: 66, Loss: 0.6341, Elapsed: 6m36s
Epoch: 1, Batch: 67, Loss: 0.6558, Elapsed: 18m50s
Epoch: 1, Batch: 68, Loss: 0.6612, Elapsed: 9m17s
Epoch: 1, Batch: 69, Loss: 0.6375, Elapsed: 5m32s
Epoch: 1, Batch: 70, Loss: 0.7041, Elapsed: 15m14s
Epoch: 1, Batch: 71, Loss: 0.6645, Elapsed: 10m35s
Epoch: 1, Batch: 72, Loss: 0.6647, Elapsed: 9m22s
Epoch: 1, Batch: 73, Loss: 0.6272, Elapsed: 5m37s
Epoch: 1, Batch: 74, Loss: 0.6331, Elapsed: 12m33s
Epoch: 1, Batch: 75, Loss: 0.6574, Elapsed: 14m26s
Epoch: 1, Batch: 76, Loss: 0.6141, Elapsed: 7m47s
Epoch: 1, Batch: 77, Loss: 0.6928, Elapsed: 14m53s
Epoch: 1, Batch: 78, Loss: 0.6871, Elapsed: 17m44s
Epoch: 1, Batch: 79, Loss: 0.6656, Elapsed: 11m22s
Epoch: 1, Batch: 80, Loss: 0.6634, Elapsed: 11m36s
Epoch: 1, Batch: 81, Loss: 0.6736, Elapsed: 10m24s
Epoch: 1, Batch: 82, Loss: 0.6541, Elapsed: 12m49s
Epoch: 1, Batch: 83, Loss: 0.6757, Elapsed: 12m4s
Epoch: 1, Batch: 84, Loss: 0.6276, Elapsed: 5m12s
Epoch: 1, Batch: 85, Loss: 0.6282, Elapsed: 9m26s
Epoch: 1, Batch: 86, Loss: 0.6632, Elapsed: 13m57s
Epoch: 1, Batch: 87, Loss: 0.6389, Elapsed: 10m15s
Epoch: 1, Batch: 88, Loss: 0.6934, Elapsed: 12m46s
Epoch: 1, Batch: 89, Loss: 0.6224, Elapsed: 7m42s
Epoch: 1, Batch: 90, Loss: 0.6730, Elapsed: 12m48s
Epoch: 1, Batch: 91, Loss: 0.6788, Elapsed: 17m50s
Epoch: 1, Batch: 92, Loss: 0.6433, Elapsed: 10m45s
Epoch: 1, Batch: 93, Loss: 0.6378, Elapsed: 8m40s
Epoch: 1, Batch: 94, Loss: 0.6592, Elapsed: 17m45s
Epoch: 1, Batch: 95, Loss: 0.6494, Elapsed: 8m2s
Epoch: 1, Batch: 96, Loss: 0.6409, Elapsed: 8m23s
Epoch: 1, Batch: 97, Loss: 0.6713, Elapsed: 9m20s
Epoch: 1, Batch: 98, Loss: 0.6529, Elapsed: 12m50s
Epoch: 1, Batch: 99, Loss: 0.6580, Elapsed: 12m52s
Epoch: 1, Batch: 100, Loss: 0.6318, Elapsed: 13m8s
Epoch: 1, Batch: 101, Loss: 0.6825, Elapsed: 11m3s
Epoch: 1, Batch: 102, Loss: 0.6817, Elapsed: 16m10s
Epoch: 1, Batch: 103, Loss: 0.6733, Elapsed: 19m46s
Epoch: 1, Batch: 104, Loss: 0.6580, Elapsed: 13m22s
Epoch: 1, Batch: 105, Loss: 0.6645, Elapsed: 11m36s
Epoch: 1, Batch: 106, Loss: 0.6602, Elapsed: 16m51s
Epoch: 1, Batch: 107, Loss: 0.6596, Elapsed: 13m20s
Epoch: 1, Batch: 108, Loss: 0.6668, Elapsed: 10m50s
Epoch: 1, Batch: 109, Loss: 0.6374, Elapsed: 8m54s
Epoch: 1, Batch: 110, Loss: 0.6109, Elapsed: 7m18s
Epoch: 1, Batch: 111, Loss: 0.6508, Elapsed: 13m13s
Epoch: 1, Batch: 112, Loss: 0.6550, Elapsed: 18m13s
Epoch: 1, Batch: 113, Loss: 0.6205, Elapsed: 8m19s
Epoch: 1, Batch: 114, Loss: 0.6600, Elapsed: 16m26s
Epoch: 1, Batch: 115, Loss: 0.6433, Elapsed: 15m5s
Epoch: 1, Batch: 116, Loss: 0.6183, Elapsed: 5m46s
Epoch: 1, Batch: 117, Loss: 0.6501, Elapsed: 17m40s
Epoch: 1, Batch: 118, Loss: 0.6713, Elapsed: 14m18s
Epoch: 1, Batch: 119, Loss: 0.6477, Elapsed: 8m22s
Epoch: 1, Batch: 120, Loss: 0.6159, Elapsed: 7m44s
Epoch: 1, Batch: 121, Loss: 0.6767, Elapsed: 17m48s
Epoch: 1, Batch: 122, Loss: 0.6571, Elapsed: 16m47s
Epoch: 1, Batch: 123, Loss: 0.6273, Elapsed: 11m29s
Epoch: 1, Batch: 124, Loss: 0.6201, Elapsed: 9m45s
Epoch: 1, Batch: 125, Loss: 0.6661, Elapsed: 19m50s
Epoch: 1, Batch: 126, Loss: 0.6433, Elapsed: 12m42s
Epoch: 1, Batch: 127, Loss: 0.6172, Elapsed: 6m0s
Epoch: 1, Batch: 128, Loss: 0.6166, Elapsed: 10m17s
Epoch: 1, Batch: 129, Loss: 0.6376, Elapsed: 10m18s
Epoch: 1, Batch: 130, Loss: 0.6271, Elapsed: 11m20s
Epoch: 1, Batch: 131, Loss: 0.6387, Elapsed: 9m24s
Epoch: 1, Batch: 132, Loss: 0.6735, Elapsed: 21m15s
Epoch: 1, Batch: 133, Loss: 0.6724, Elapsed: 11m19s
Epoch: 1, Batch: 134, Loss: 0.6244, Elapsed: 6m46s
Epoch: 1, Batch: 135, Loss: 0.6610, Elapsed: 16m8s
Epoch: 1, Batch: 136, Loss: 0.6362, Elapsed: 7m9s
Epoch: 1, Batch: 137, Loss: 0.6421, Elapsed: 10m29s
Epoch: 1, Batch: 138, Loss: 0.6275, Elapsed: 13m19s
Epoch: 1, Batch: 139, Loss: 0.6371, Elapsed: 7m35s
Epoch: 1, Batch: 140, Loss: 0.6485, Elapsed: 17m37s
Epoch: 1, Batch: 141, Loss: 0.6438, Elapsed: 12m46s
Epoch: 1, Batch: 142, Loss: 0.6033, Elapsed: 9m37s
Epoch: 1, Batch: 143, Loss: 0.7045, Elapsed: 15m34s
Epoch: 1, Batch: 144, Loss: 0.6948, Elapsed: 15m21s
Epoch: 1, Batch: 145, Loss: 0.6025, Elapsed: 8m40s
Epoch: 1, Batch: 146, Loss: 0.6497, Elapsed: 11m35s
Epoch: 1, Batch: 147, Loss: 0.6370, Elapsed: 8m25s
Epoch: 1, Batch: 148, Loss: 0.6831, Elapsed: 12m48s
Epoch: 1, Batch: 149, Loss: 0.6583, Elapsed: 11m5s
Epoch: 1, Batch: 150, Loss: 0.6653, Elapsed: 20m22s
Epoch: 1, Batch: 151, Loss: 0.6134, Elapsed: 7m56s
Epoch: 1, Batch: 152, Loss: 0.6467, Elapsed: 8m26s
Epoch: 1, Batch: 153, Loss: 0.6444, Elapsed: 18m44s
Epoch: 1, Batch: 154, Loss: 0.6658, Elapsed: 19m16s
Epoch: 1, Batch: 155, Loss: 0.6246, Elapsed: 11m6s
Epoch: 1, Batch: 156, Loss: 0.6488, Elapsed: 17m7s
Epoch: 1, Batch: 157, Loss: 0.6117, Elapsed: 13m30s
Epoch: 1, Batch: 158, Loss: 0.6422, Elapsed: 13m7s
Epoch: 1, Batch: 159, Loss: 0.6085, Elapsed: 6m37s
Epoch: 1, Batch: 160, Loss: 0.6537, Elapsed: 12m54s
Epoch: 1, Batch: 161, Loss: 0.6712, Elapsed: 10m51s
Epoch: 1, Batch: 162, Loss: 0.6099, Elapsed: 10m21s
Epoch: 1, Batch: 163, Loss: 0.6362, Elapsed: 9m59s
Epoch: 1, Batch: 164, Loss: 0.6661, Elapsed: 10m2s
Epoch: 1, Batch: 165, Loss: 0.6437, Elapsed: 14m7s
Epoch: 1, Batch: 166, Loss: 0.6286, Elapsed: 14m42s
Epoch: 1, Batch: 167, Loss: 0.6296, Elapsed: 7m9s
Epoch: 1, Batch: 168, Loss: 0.6882, Elapsed: 12m58s
Epoch: 1, Batch: 169, Loss: 0.6455, Elapsed: 12m7s
Epoch: 1, Batch: 170, Loss: 0.5966, Elapsed: 8m26s
Epoch: 1, Batch: 171, Loss: 0.5967, Elapsed: 7m0s
Epoch: 1, Batch: 172, Loss: 0.6326, Elapsed: 12m2s
Epoch: 1, Batch: 173, Loss: 0.6193, Elapsed: 12m16s
Epoch: 1, Batch: 174, Loss: 0.6452, Elapsed: 10m16s
Epoch: 1, Batch: 175, Loss: 0.6478, Elapsed: 15m19s
Epoch: 1, Batch: 176, Loss: 0.6372, Elapsed: 9m33s
Epoch: 1, Batch: 177, Loss: 0.6236, Elapsed: 9m25s
Epoch: 1, Batch: 178, Loss: 0.6212, Elapsed: 12m14s
Epoch: 1, Batch: 179, Loss: 0.6308, Elapsed: 11m26s
Epoch: 1, Batch: 180, Loss: 0.6296, Elapsed: 8m34s
Epoch: 1, Batch: 181, Loss: 0.6651, Elapsed: 14m12s
Epoch: 1, Batch: 182, Loss: 0.6240, Elapsed: 13m40s
Epoch: 1, Batch: 183, Loss: 0.6790, Elapsed: 9m46s
Epoch: 1, Batch: 184, Loss: 0.6537, Elapsed: 12m25s
Epoch: 1, Batch: 185, Loss: 0.6293, Elapsed: 14m44s
Epoch: 1, Batch: 186, Loss: 0.6521, Elapsed: 12m13s
Epoch: 1, Batch: 187, Loss: 0.6374, Elapsed: 10m9s
Epoch: 1, Batch: 188, Loss: 0.6626, Elapsed: 22m55s
Epoch: 1, Batch: 189, Loss: 0.6275, Elapsed: 6m44s
Epoch: 1, Batch: 190, Loss: 0.6263, Elapsed: 13m8s
Epoch: 1, Batch: 191, Loss: 0.6668, Elapsed: 15m12s
Epoch: 1, Batch: 192, Loss: 0.6464, Elapsed: 15m25s
Epoch: 1, Batch: 193, Loss: 0.6128, Elapsed: 8m24s
Epoch: 1, Batch: 194, Loss: 0.6220, Elapsed: 9m47s
Epoch: 1, Batch: 195, Loss: 0.6091, Elapsed: 9m46s
Epoch: 1, Batch: 196, Loss: 0.6419, Elapsed: 13m9s
Epoch: 1, Batch: 197, Loss: 0.6118, Elapsed: 9m42s
Epoch: 1, Batch: 198, Loss: 0.6714, Elapsed: 14m39s
Epoch: 1, Batch: 199, Loss: 0.6100, Elapsed: 9m37s
Epoch: 1, Batch: 200, Loss: 0.6499, Elapsed: 15m47s
Epoch: 1, Batch: 201, Loss: 0.6027, Elapsed: 9m31s
Epoch: 1, Batch: 202, Loss: 0.6129, Elapsed: 8m4s
Epoch: 1, Batch: 203, Loss: 0.6192, Elapsed: 8m54s
Epoch: 1, Batch: 204, Loss: 0.6053, Elapsed: 9m10s
Epoch: 1, Batch: 205, Loss: 0.6120, Elapsed: 10m25s
Epoch: 1, Batch: 206, Loss: 0.6466, Elapsed: 16m41s
Epoch: 1, Batch: 207, Loss: 0.6263, Elapsed: 7m32s
Epoch: 1, Batch: 208, Loss: 0.6195, Elapsed: 8m21s
Epoch: 1, Batch: 209, Loss: 0.6286, Elapsed: 8m5s
Epoch: 1, Batch: 210, Loss: 0.6110, Elapsed: 9m33s
Epoch: 1, Batch: 211, Loss: 0.6196, Elapsed: 7m38s
Epoch: 1, Batch: 212, Loss: 0.6099, Elapsed: 10m13s
Epoch: 1, Batch: 213, Loss: 0.6296, Elapsed: 9m5s
Epoch: 1, Batch: 214, Loss: 0.6212, Elapsed: 7m43s
Epoch: 1, Batch: 215, Loss: 0.6433, Elapsed: 11m56s
Epoch: 1, Batch: 216, Loss: 0.6203, Elapsed: 9m10s
Epoch: 1, Batch: 217, Loss: 0.5864, Elapsed: 7m24s
Epoch: 1, Batch: 218, Loss: 0.6238, Elapsed: 8m36s
Epoch: 1, Batch: 219, Loss: 0.6024, Elapsed: 9m6s
Epoch: 1, Batch: 220, Loss: 0.6585, Elapsed: 17m29s
Epoch: 1, Batch: 221, Loss: 0.6533, Elapsed: 13m25s
Epoch: 1, Batch: 222, Loss: 0.5924, Elapsed: 8m41s
Epoch: 1, Batch: 223, Loss: 0.6442, Elapsed: 14m44s
Epoch: 1, Batch: 224, Loss: 0.6570, Elapsed: 9m39s
Epoch: 1, Batch: 225, Loss: 0.6324, Elapsed: 11m31s
Epoch: 1, Batch: 226, Loss: 0.6622, Elapsed: 16m21s
Epoch: 1, Batch: 227, Loss: 0.6314, Elapsed: 19m21s
Epoch: 1, Batch: 228, Loss: 0.6335, Elapsed: 14m59s
Epoch: 1, Batch: 229, Loss: 0.6878, Elapsed: 28m12s
Epoch: 1, Batch: 230, Loss: 0.6859, Elapsed: 12m23s
Epoch: 1, Batch: 231, Loss: 0.6351, Elapsed: 14m4s
Epoch: 1, Batch: 232, Loss: 0.6369, Elapsed: 11m39s
Epoch: 1, Batch: 233, Loss: 0.6251, Elapsed: 6m56s
Epoch: 1, Batch: 234, Loss: 0.6601, Elapsed: 17m14s
Epoch: 1, Batch: 235, Loss: 0.6609, Elapsed: 10m36s
Epoch: 1, Batch: 236, Loss: 0.6358, Elapsed: 15m47s
Epoch: 1, Batch: 237, Loss: 0.6941, Elapsed: 19m28s
Epoch: 1, Batch: 238, Loss: 0.5906, Elapsed: 7m49s
Epoch: 1, Batch: 239, Loss: 0.6342, Elapsed: 6m33s
Epoch: 1, Batch: 240, Loss: 0.6745, Elapsed: 13m12s
Epoch: 1, Batch: 241, Loss: 0.6385, Elapsed: 10m47s
Epoch: 1, Batch: 242, Loss: 0.6037, Elapsed: 4m59s
Epoch: 1, Batch: 243, Loss: 0.6336, Elapsed: 10m44s
Epoch: 1, Batch: 244, Loss: 0.6428, Elapsed: 17m45s
Epoch: 1, Batch: 245, Loss: 0.6302, Elapsed: 11m28s
Epoch: 1, Batch: 246, Loss: 0.6389, Elapsed: 14m9s
Epoch: 1, Batch: 247, Loss: 0.6299, Elapsed: 10m53s
Epoch: 1, Batch: 248, Loss: 0.6551, Elapsed: 13m32s
Epoch: 1, Batch: 249, Loss: 0.6562, Elapsed: 13m31s
Epoch: 1, Batch: 250, Loss: 0.6427, Elapsed: 15m45s
Epoch: 1, Batch: 251, Loss: 0.6449, Elapsed: 12m53s
Epoch: 1, Batch: 252, Loss: 0.6096, Elapsed: 8m13s
Epoch: 1, Batch: 253, Loss: 0.6354, Elapsed: 10m42s
Epoch: 1, Batch: 254, Loss: 0.7001, Elapsed: 18m53s
Epoch: 1, Batch: 255, Loss: 0.6082, Elapsed: 12m16s
Epoch: 1, Batch: 256, Loss: 0.6455, Elapsed: 10m59s
Epoch: 1, Batch: 257, Loss: 0.6576, Elapsed: 15m59s
Epoch: 1, Batch: 258, Loss: 0.6419, Elapsed: 8m25s
Epoch: 1, Batch: 259, Loss: 0.6437, Elapsed: 9m44s
Epoch: 1, Batch: 260, Loss: 0.6536, Elapsed: 16m28s
Epoch: 1, Batch: 261, Loss: 0.6396, Elapsed: 13m59s
Epoch: 1, Batch: 262, Loss: 0.6457, Elapsed: 13m56s
Epoch: 1, Batch: 263, Loss: 0.6499, Elapsed: 13m44s
Epoch: 1, Batch: 264, Loss: 0.6645, Elapsed: 17m37s
Epoch: 1, Batch: 265, Loss: 0.6250, Elapsed: 9m41s
Epoch: 1, Batch: 266, Loss: 0.6505, Elapsed: 13m54s
Epoch: 1, Batch: 267, Loss: 0.6233, Elapsed: 12m59s
Epoch: 1, Batch: 268, Loss: 0.6704, Elapsed: 15m21s
Epoch: 1, Batch: 269, Loss: 0.6434, Elapsed: 10m24s
Epoch: 1, Batch: 270, Loss: 0.6425, Elapsed: 8m0s
Epoch: 1, Batch: 271, Loss: 0.6225, Elapsed: 7m26s
Epoch: 1, Batch: 272, Loss: 0.6379, Elapsed: 13m10s
Epoch: 1, Batch: 273, Loss: 0.6430, Elapsed: 14m42s
Epoch: 1, Batch: 274, Loss: 0.6672, Elapsed: 14m51s
Epoch: 1, Batch: 275, Loss: 0.6447, Elapsed: 11m5s
Epoch: 1, Batch: 276, Loss: 0.6355, Elapsed: 8m6s
Epoch: 1, Batch: 277, Loss: 0.6159, Elapsed: 10m40s
Epoch: 1, Batch: 278, Loss: 0.6554, Elapsed: 10m24s
Epoch: 1, Batch: 279, Loss: 0.6347, Elapsed: 16m5s
Epoch: 1, Batch: 280, Loss: 0.6093, Elapsed: 8m23s
Epoch: 1, Batch: 281, Loss: 0.6439, Elapsed: 10m40s
Epoch: 1, Batch: 282, Loss: 0.6057, Elapsed: 6m54s
Epoch: 1, Batch: 283, Loss: 0.6305, Elapsed: 8m58s
Epoch: 1, Batch: 284, Loss: 0.6624, Elapsed: 13m7s
Epoch: 1, Batch: 285, Loss: 0.6118, Elapsed: 10m48s
Epoch: 1, Batch: 286, Loss: 0.6418, Elapsed: 13m49s
Epoch: 1, Batch: 287, Loss: 0.6416, Elapsed: 9m25s
Epoch: 1, Batch: 288, Loss: 0.6669, Elapsed: 17m40s
Epoch: 1, Batch: 289, Loss: 0.6122, Elapsed: 10m25s
Epoch: 1, Batch: 290, Loss: 0.6322, Elapsed: 11m40s
Epoch: 1, Batch: 291, Loss: 0.6413, Elapsed: 8m16s
Epoch: 1, Batch: 292, Loss: 0.5996, Elapsed: 8m29s
Epoch: 1, Batch: 293, Loss: 0.6234, Elapsed: 10m35s
Epoch: 1, Batch: 294, Loss: 0.6356, Elapsed: 9m38s
Epoch: 1, Batch: 295, Loss: 0.6690, Elapsed: 14m14s
Epoch: 1, Batch: 296, Loss: 0.6041, Elapsed: 9m25s
Epoch: 1, Batch: 297, Loss: 0.6455, Elapsed: 10m2s
Epoch: 1, Batch: 298, Loss: 0.5508, Elapsed: 6m29s
Epoch: 1, Batch: 299, Loss: 0.6884, Elapsed: 17m0s
Epoch: 1, Batch: 300, Loss: 0.5942, Elapsed: 7m34s
Epoch: 1, Batch: 301, Loss: 0.6240, Elapsed: 10m32s
Epoch: 1, Batch: 302, Loss: 0.6178, Elapsed: 11m27s
Epoch: 1, Batch: 303, Loss: 0.6407, Elapsed: 11m12s
Epoch: 1, Batch: 304, Loss: 0.6701, Elapsed: 12m30s
Epoch: 1, Batch: 305, Loss: 0.6162, Elapsed: 12m28s
Epoch: 1, Batch: 306, Loss: 0.6502, Elapsed: 12m54s
Epoch: 1, Batch: 307, Loss: 0.6216, Elapsed: 10m22s
Epoch: 1, Batch: 308, Loss: 0.6504, Elapsed: 12m17s
Epoch: 1, Batch: 309, Loss: 0.5947, Elapsed: 8m22s
Epoch: 1, Batch: 310, Loss: 0.6866, Elapsed: 19m30s
Epoch: 1, Batch: 311, Loss: 0.6625, Elapsed: 15m14s
Epoch: 1, Batch: 312, Loss: 0.6047, Elapsed: 7m27s
Epoch: 1, Batch: 313, Loss: 0.6302, Elapsed: 9m1s
Epoch: 1, Batch: 314, Loss: 0.6376, Elapsed: 12m45s
Epoch: 1, Batch: 315, Loss: 0.5981, Elapsed: 15m34s
Epoch: 1, Batch: 316, Loss: 0.6274, Elapsed: 11m25s
Epoch: 1, Batch: 317, Loss: 0.6012, Elapsed: 14m4s
Epoch: 1, Batch: 318, Loss: 0.6119, Elapsed: 9m13s
Epoch: 1, Batch: 319, Loss: 0.6270, Elapsed: 7m55s
Epoch: 1, Batch: 320, Loss: 0.7068, Elapsed: 20m5s
Epoch: 1, Batch: 321, Loss: 0.6345, Elapsed: 5m3s
Epoch: 1, Batch: 322, Loss: 0.6177, Elapsed: 14m10s
Epoch: 1, Batch: 323, Loss: 0.6158, Elapsed: 10m36s
Epoch: 1, Batch: 324, Loss: 0.5645, Elapsed: 6m3s
Epoch: 1, Batch: 325, Loss: 0.6651, Elapsed: 16m11s
Epoch: 1, Batch: 326, Loss: 0.6015, Elapsed: 12m19s
Epoch: 1, Batch: 327, Loss: 0.6783, Elapsed: 12m50s
Epoch: 1, Batch: 328, Loss: 0.5985, Elapsed: 7m36s
Epoch: 1, Batch: 329, Loss: 0.6640, Elapsed: 10m36s
Epoch: 1, Batch: 330, Loss: 0.6104, Elapsed: 11m48s
Epoch: 1, Batch: 331, Loss: 0.6218, Elapsed: 11m39s
Epoch: 1, Batch: 332, Loss: 0.6330, Elapsed: 7m0s
Epoch: 1, Batch: 333, Loss: 0.6371, Elapsed: 13m38s
Epoch: 1, Batch: 334, Loss: 0.6336, Elapsed: 17m5s
Epoch: 1, Batch: 335, Loss: 0.6453, Elapsed: 12m36s
Epoch: 1, Batch: 336, Loss: 0.6162, Elapsed: 7m48s
Epoch: 1, Batch: 337, Loss: 0.6212, Elapsed: 13m40s
Epoch: 1, Batch: 338, Loss: 0.5803, Elapsed: 8m0s
Epoch: 1, Batch: 339, Loss: 0.6246, Elapsed: 16m52s
Epoch: 1, Batch: 340, Loss: 0.6720, Elapsed: 14m54s
Epoch: 1, Batch: 341, Loss: 0.5901, Elapsed: 10m16s
Epoch: 1, Batch: 342, Loss: 0.6273, Elapsed: 12m47s
Epoch: 1, Batch: 343, Loss: 0.6240, Elapsed: 11m18s
Epoch: 1, Batch: 344, Loss: 0.6158, Elapsed: 12m15s
Epoch: 1, Batch: 345, Loss: 0.6043, Elapsed: 8m18s
Epoch: 1, Batch: 346, Loss: 0.5725, Elapsed: 4m24s
Epoch: 1, Batch: 347, Loss: 0.6077, Elapsed: 12m21s
Epoch: 1, Batch: 348, Loss: 0.5984, Elapsed: 6m32s
Epoch: 1, Batch: 349, Loss: 0.6249, Elapsed: 9m42s
Epoch: 1, Batch: 350, Loss: 0.6311, Elapsed: 10m55s
Epoch: 1, Batch: 351, Loss: 0.6041, Elapsed: 13m0s
Epoch: 1, Batch: 352, Loss: 0.6558, Elapsed: 12m34s
Epoch: 1, Batch: 353, Loss: 0.6462, Elapsed: 11m5s
Epoch: 1, Batch: 354, Loss: 0.6209, Elapsed: 10m2s
Epoch: 1, Batch: 355, Loss: 0.5988, Elapsed: 10m17s
Epoch: 1, Batch: 356, Loss: 0.6646, Elapsed: 16m50s
Epoch: 1, Batch: 357, Loss: 0.5942, Elapsed: 7m52s
Epoch: 1, Batch: 358, Loss: 0.6238, Elapsed: 11m37s
Epoch: 1, Batch: 359, Loss: 0.6427, Elapsed: 10m25s
Epoch: 1, Batch: 360, Loss: 0.6432, Elapsed: 8m49s
Epoch: 1, Batch: 361, Loss: 0.6330, Elapsed: 16m16s
Epoch: 1, Batch: 362, Loss: 0.6290, Elapsed: 15m24s
Epoch: 1, Batch: 363, Loss: 0.6067, Elapsed: 9m39s
Epoch: 1, Batch: 364, Loss: 0.6525, Elapsed: 16m5s
Epoch: 1, Batch: 365, Loss: 0.5980, Elapsed: 7m3s
Epoch: 1, Batch: 366, Loss: 0.6862, Elapsed: 16m22s
Epoch: 1, Batch: 367, Loss: 0.6155, Elapsed: 7m47s
Epoch: 1, Batch: 368, Loss: 0.6181, Elapsed: 9m25s
Epoch: 1, Batch: 369, Loss: 0.6592, Elapsed: 17m39s
Epoch: 1, Batch: 370, Loss: 0.6268, Elapsed: 18m38s
Epoch: 1, Batch: 371, Loss: 0.6245, Elapsed: 8m23s
Epoch: 1, Batch: 372, Loss: 0.6057, Elapsed: 9m42s
Epoch: 1, Batch: 373, Loss: 0.5964, Elapsed: 7m29s
Epoch: 1, Batch: 374, Loss: 0.5775, Elapsed: 9m36s
Epoch: 1, Batch: 375, Loss: 0.6507, Elapsed: 10m47s
Epoch: 1, Batch: 376, Loss: 0.6130, Elapsed: 11m30s
Epoch: 1, Batch: 377, Loss: 0.6316, Elapsed: 11m17s
Epoch: 1, Batch: 378, Loss: 0.6117, Elapsed: 13m16s
Epoch: 1, Batch: 379, Loss: 0.6177, Elapsed: 9m40s
Epoch: 1, Batch: 380, Loss: 0.6399, Elapsed: 13m52s
Epoch: 1, Batch: 381, Loss: 0.6337, Elapsed: 13m57s
Epoch: 1, Batch: 382, Loss: 0.6062, Elapsed: 15m46s
Epoch: 1, Batch: 383, Loss: 0.5959, Elapsed: 8m36s
Epoch: 1, Batch: 384, Loss: 0.6189, Elapsed: 8m29s
Epoch: 1, Batch: 385, Loss: 0.6256, Elapsed: 13m22s
Epoch: 1, Batch: 386, Loss: 0.6179, Elapsed: 8m42s
Epoch: 1, Batch: 387, Loss: 0.6842, Elapsed: 15m53s
Epoch: 1, Batch: 388, Loss: 0.6129, Elapsed: 11m36s
Epoch: 1, Batch: 389, Loss: 0.6109, Elapsed: 7m53s
Epoch: 1, Batch: 390, Loss: 0.6088, Elapsed: 10m4s
Epoch: 1, Batch: 391, Loss: 0.6616, Elapsed: 12m16s
Epoch: 1, Batch: 392, Loss: 0.6326, Elapsed: 13m51s
Epoch: 1, Batch: 393, Loss: 0.5876, Elapsed: 8m9s
Epoch: 1, Batch: 394, Loss: 0.6986, Elapsed: 16m53s
Epoch: 1, Batch: 395, Loss: 0.6782, Elapsed: 13m8s
Epoch: 1, Batch: 396, Loss: 0.6471, Elapsed: 15m50s
Epoch: 1, Batch: 397, Loss: 0.6674, Elapsed: 20m45s
Epoch: 1, Batch: 398, Loss: 0.6179, Elapsed: 11m11s
Epoch: 1, Batch: 399, Loss: 0.6063, Elapsed: 9m12s
Epoch: 1, Batch: 400, Loss: 0.5968, Elapsed: 8m59s
Epoch: 1, Batch: 401, Loss: 0.5996, Elapsed: 9m55s
Epoch: 1, Batch: 402, Loss: 0.6601, Elapsed: 12m52s
Epoch: 1, Batch: 403, Loss: 0.6365, Elapsed: 13m43s
Epoch: 1, Batch: 404, Loss: 0.6313, Elapsed: 15m4s
Epoch: 1, Batch: 405, Loss: 0.6419, Elapsed: 16m19s
Epoch: 1, Batch: 406, Loss: 0.6283, Elapsed: 10m16s
Epoch: 1, Batch: 407, Loss: 0.5996, Elapsed: 8m21s
Epoch: 1, Batch: 408, Loss: 0.6273, Elapsed: 14m27s
Epoch: 1, Batch: 409, Loss: 0.6172, Elapsed: 8m17s
Epoch: 1, Batch: 410, Loss: 0.6009, Elapsed: 9m45s
Epoch: 1, Batch: 411, Loss: 0.6239, Elapsed: 11m9s
Epoch: 1, Batch: 412, Loss: 0.6244, Elapsed: 9m0s
Epoch: 1, Batch: 413, Loss: 0.6136, Elapsed: 14m0s
Epoch: 1, Batch: 414, Loss: 0.6337, Elapsed: 16m38s
Epoch: 1, Batch: 415, Loss: 0.5964, Elapsed: 11m3s
Epoch: 1, Batch: 416, Loss: 0.5932, Elapsed: 10m8s
Epoch: 1, Batch: 417, Loss: 0.6203, Elapsed: 12m42s
Epoch: 1, Batch: 418, Loss: 0.6427, Elapsed: 15m21s
Epoch: 1, Batch: 419, Loss: 0.6540, Elapsed: 16m11s
Epoch: 1, Batch: 420, Loss: 0.6535, Elapsed: 16m27s
Epoch: 1, Batch: 421, Loss: 0.6285, Elapsed: 10m41s
Epoch: 1, Batch: 422, Loss: 0.6391, Elapsed: 8m53s
Epoch: 1, Batch: 423, Loss: 0.6448, Elapsed: 18m13s
Epoch: 1, Batch: 424, Loss: 0.6339, Elapsed: 14m46s
Epoch: 1, Batch: 425, Loss: 0.5928, Elapsed: 6m40s
Epoch: 1, Batch: 426, Loss: 0.6215, Elapsed: 6m36s
Epoch: 1, Batch: 427, Loss: 0.6734, Elapsed: 14m15s
Epoch: 1, Batch: 428, Loss: 0.5890, Elapsed: 7m47s
Epoch: 1, Batch: 429, Loss: 0.6228, Elapsed: 9m7s
Epoch: 1, Batch: 430, Loss: 0.6011, Elapsed: 8m51s
Epoch: 1, Batch: 431, Loss: 0.6673, Elapsed: 12m28s
Epoch: 1, Batch: 432, Loss: 0.6385, Elapsed: 12m56s
Epoch: 1, Batch: 433, Loss: 0.6042, Elapsed: 8m7s
Epoch: 1, Batch: 434, Loss: 0.6331, Elapsed: 13m32s
Epoch: 1, Batch: 435, Loss: 0.6180, Elapsed: 11m46s
Epoch: 1, Batch: 436, Loss: 0.6048, Elapsed: 9m27s
Epoch: 1, Batch: 437, Loss: 0.6473, Elapsed: 17m7s
Epoch: 1, Batch: 438, Loss: 0.5705, Elapsed: 8m56s
Epoch: 1, Batch: 439, Loss: 0.6525, Elapsed: 11m41s
Epoch: 1, Batch: 440, Loss: 0.6431, Elapsed: 15m5s
Epoch: 1, Batch: 441, Loss: 0.5579, Elapsed: 6m59s
Epoch: 1, Batch: 442, Loss: 0.6100, Elapsed: 9m8s
Epoch: 1, Batch: 443, Loss: 0.5902, Elapsed: 8m22s
Epoch: 1, Batch: 444, Loss: 0.6141, Elapsed: 10m4s
Epoch: 1, Batch: 445, Loss: 0.6137, Elapsed: 9m7s
Epoch: 1, Batch: 446, Loss: 0.6501, Elapsed: 19m22s
Epoch: 1, Batch: 447, Loss: 0.6236, Elapsed: 10m28s
Epoch: 1, Batch: 448, Loss: 0.6129, Elapsed: 10m29s
Epoch: 1, Batch: 449, Loss: 0.6359, Elapsed: 15m9s
Epoch: 1, Batch: 450, Loss: 0.6438, Elapsed: 10m24s
Epoch: 1, Batch: 451, Loss: 0.5912, Elapsed: 9m2s
Epoch: 1, Batch: 452, Loss: 0.6259, Elapsed: 12m22s
Epoch: 1, Batch: 453, Loss: 0.6576, Elapsed: 13m39s
Epoch: 1, Batch: 454, Loss: 0.6465, Elapsed: 14m10s
Epoch: 1, Batch: 455, Loss: 0.5777, Elapsed: 7m46s
Epoch: 1, Batch: 456, Loss: 0.5829, Elapsed: 8m58s
Epoch: 1, Batch: 457, Loss: 0.6460, Elapsed: 7m2s
Epoch: 1, Batch: 458, Loss: 0.5950, Elapsed: 9m0s
Epoch: 1, Batch: 459, Loss: 0.6279, Elapsed: 11m27s
Epoch: 1, Batch: 460, Loss: 0.6019, Elapsed: 8m16s
Epoch: 1, Batch: 461, Loss: 0.6348, Elapsed: 19m57s
Epoch: 1, Batch: 462, Loss: 0.6296, Elapsed: 11m56s
Epoch: 1, Batch: 463, Loss: 0.6400, Elapsed: 16m3s
Epoch: 1, Batch: 464, Loss: 0.6816, Elapsed: 21m25s
Epoch: 1, Batch: 465, Loss: 0.6382, Elapsed: 17m2s
Epoch: 1, Batch: 466, Loss: 0.5916, Elapsed: 8m28s
Epoch: 1, Batch: 467, Loss: 0.6489, Elapsed: 10m35s
Epoch: 1, Batch: 468, Loss: 0.6691, Elapsed: 18m7s
Epoch: 1, Batch: 469, Loss: 0.6359, Elapsed: 14m32s
Epoch: 1, Batch: 470, Loss: 0.6425, Elapsed: 15m34s
Epoch: 1, Batch: 471, Loss: 0.6230, Elapsed: 9m58s
Epoch: 1, Batch: 472, Loss: 0.6358, Elapsed: 23m28s
Epoch: 1, Batch: 473, Loss: 0.6278, Elapsed: 15m57s
Epoch: 1, Batch: 474, Loss: 0.6362, Elapsed: 14m27s
Epoch: 1, Batch: 475, Loss: 0.6076, Elapsed: 9m23s
Epoch: 1, Batch: 476, Loss: 0.6565, Elapsed: 22m12s
Epoch: 1, Batch: 477, Loss: 0.6544, Elapsed: 22m29s
Epoch: 1, Batch: 478, Loss: 0.6303, Elapsed: 11m0s
Epoch: 1, Batch: 479, Loss: 0.6309, Elapsed: 12m28s
Epoch: 1, Batch: 480, Loss: 0.6420, Elapsed: 13m39s
Epoch: 1, Batch: 481, Loss: 0.6532, Elapsed: 10m43s
Epoch: 1, Batch: 482, Loss: 0.6346, Elapsed: 13m23s
Epoch: 1, Batch: 483, Loss: 0.6045, Elapsed: 9m41s
Epoch: 1, Batch: 484, Loss: 0.6262, Elapsed: 11m51s
Epoch: 1, Batch: 485, Loss: 0.6140, Elapsed: 12m41s
Epoch: 1, Batch: 486, Loss: 0.6432, Elapsed: 8m51s
Epoch: 1, Batch: 487, Loss: 0.6153, Elapsed: 13m22s
Epoch: 1, Batch: 488, Loss: 0.6058, Elapsed: 6m53s
Epoch: 1, Batch: 489, Loss: 0.6454, Elapsed: 11m54s
Epoch: 1, Batch: 490, Loss: 0.6136, Elapsed: 13m50s
Epoch: 1, Batch: 491, Loss: 0.5498, Elapsed: 9m19s
Epoch: 1, Batch: 492, Loss: 0.6142, Elapsed: 13m41s
Epoch: 1, Batch: 493, Loss: 0.6233, Elapsed: 8m35s
Epoch: 1, Batch: 494, Loss: 0.6258, Elapsed: 15m10s
Epoch: 1, Batch: 495, Loss: 0.6266, Elapsed: 11m12s
Epoch: 1, Batch: 496, Loss: 0.6191, Elapsed: 13m57s
Epoch: 1, Batch: 497, Loss: 0.5892, Elapsed: 10m7s
Epoch: 1, Batch: 498, Loss: 0.6647, Elapsed: 15m57s
Epoch: 1, Batch: 499, Loss: 0.6376, Elapsed: 13m29s
Epoch: 1, Batch: 500, Loss: 0.6218, Elapsed: 11m55s
Epoch: 1, Batch: 501, Loss: 0.6230, Elapsed: 13m35s
Epoch: 1, Batch: 502, Loss: 0.6547, Elapsed: 16m18s
Epoch: 1, Batch: 503, Loss: 0.5995, Elapsed: 11m58s
Epoch: 1, Batch: 504, Loss: 0.6104, Elapsed: 10m37s
Epoch: 1, Batch: 505, Loss: 0.5575, Elapsed: 6m42s
Epoch: 1, Batch: 506, Loss: 0.6296, Elapsed: 13m8s
Epoch: 1, Batch: 507, Loss: 0.6340, Elapsed: 21m15s
Epoch: 1, Batch: 508, Loss: 0.7024, Elapsed: 10m38s
Epoch: 1, Batch: 509, Loss: 0.6469, Elapsed: 15m28s
Epoch: 1, Batch: 510, Loss: 0.6194, Elapsed: 9m41s
Epoch: 1, Batch: 511, Loss: 0.6372, Elapsed: 21m13s
Epoch: 1, Batch: 512, Loss: 0.6348, Elapsed: 7m20s
Epoch: 1, Batch: 513, Loss: 0.6350, Elapsed: 13m32s
Epoch: 1, Batch: 514, Loss: 0.6227, Elapsed: 10m39s
Epoch: 1, Batch: 515, Loss: 0.6517, Elapsed: 17m32s
Epoch: 1, Batch: 516, Loss: 0.6298, Elapsed: 9m48s
Epoch: 1, Batch: 517, Loss: 0.6459, Elapsed: 10m12s
Epoch: 1, Batch: 518, Loss: 0.5892, Elapsed: 7m28s
Epoch: 1, Batch: 519, Loss: 0.6376, Elapsed: 19m41s
Epoch: 1, Batch: 520, Loss: 0.5953, Elapsed: 10m39s
Epoch: 1, Batch: 521, Loss: 0.5961, Elapsed: 15m8s
Epoch: 1, Batch: 522, Loss: 0.6152, Elapsed: 12m55s
Epoch: 1, Batch: 523, Loss: 0.6415, Elapsed: 13m25s
Epoch: 1, Batch: 524, Loss: 0.6559, Elapsed: 13m45s
Epoch: 1, Batch: 525, Loss: 0.6273, Elapsed: 8m16s
Epoch: 1, Batch: 526, Loss: 0.6598, Elapsed: 16m13s
Epoch: 1, Batch: 527, Loss: 0.6098, Elapsed: 10m57s
Epoch: 1, Batch: 528, Loss: 0.6261, Elapsed: 8m21s
Epoch: 1, Batch: 529, Loss: 0.6740, Elapsed: 17m13s
Epoch: 1, Batch: 530, Loss: 0.5927, Elapsed: 7m47s
Epoch: 1, Batch: 531, Loss: 0.6441, Elapsed: 12m17s
Epoch: 1, Batch: 532, Loss: 0.6038, Elapsed: 4m55s
Epoch: 1, Batch: 533, Loss: 0.6098, Elapsed: 9m46s
Epoch: 1, Batch: 534, Loss: 0.6107, Elapsed: 8m37s
Epoch: 1, Batch: 535, Loss: 0.6485, Elapsed: 18m37s
Epoch: 1, Batch: 536, Loss: 0.6173, Elapsed: 10m14s
Epoch: 1, Batch: 537, Loss: 0.6392, Elapsed: 17m17s
Epoch: 1, Batch: 538, Loss: 0.6119, Elapsed: 6m39s
Epoch: 1, Batch: 539, Loss: 0.6107, Elapsed: 9m42s
Epoch: 1, Batch: 540, Loss: 0.6448, Elapsed: 14m30s
Epoch: 1, Batch: 541, Loss: 0.6132, Elapsed: 11m5s
Epoch: 1, Batch: 542, Loss: 0.5958, Elapsed: 9m27s
Epoch: 1, Batch: 543, Loss: 0.6265, Elapsed: 12m17s
Epoch: 1, Batch: 544, Loss: 0.6164, Elapsed: 15m31s
Epoch: 1, Batch: 545, Loss: 0.6250, Elapsed: 11m2s
Epoch: 1, Batch: 546, Loss: 0.6112, Elapsed: 10m3s
Epoch: 1, Batch: 547, Loss: 0.6280, Elapsed: 14m22s
Epoch: 1, Batch: 548, Loss: 0.6195, Elapsed: 8m12s
Epoch: 1, Batch: 549, Loss: 0.6551, Elapsed: 16m50s
Epoch: 1, Batch: 550, Loss: 0.6468, Elapsed: 10m10s
Epoch: 1, Batch: 551, Loss: 0.6454, Elapsed: 12m13s
Epoch: 1, Batch: 552, Loss: 0.6243, Elapsed: 16m45s
Epoch: 1, Batch: 553, Loss: 0.6423, Elapsed: 12m48s
Epoch: 1, Batch: 554, Loss: 0.6357, Elapsed: 12m35s
Epoch: 1, Batch: 555, Loss: 0.6221, Elapsed: 18m48s
Epoch: 1, Batch: 556, Loss: 0.6051, Elapsed: 9m3s
Epoch: 1, Batch: 557, Loss: 0.6147, Elapsed: 14m4s
Epoch: 1, Batch: 558, Loss: 0.5582, Elapsed: 6m36s
Epoch: 1, Batch: 559, Loss: 0.5966, Elapsed: 11m53s
Epoch: 1, Batch: 560, Loss: 0.6322, Elapsed: 13m35s
Epoch: 1, Batch: 561, Loss: 0.6244, Elapsed: 16m22s
Epoch: 1, Batch: 562, Loss: 0.6119, Elapsed: 14m57s
Epoch: 1, Batch: 563, Loss: 0.5748, Elapsed: 6m7s
Epoch: 1, Batch: 564, Loss: 0.6187, Elapsed: 11m23s
Epoch: 1, Batch: 565, Loss: 0.5950, Elapsed: 9m27s
Epoch: 1, Batch: 566, Loss: 0.6363, Elapsed: 12m25s
Epoch: 1, Batch: 567, Loss: 0.6005, Elapsed: 12m28s
Epoch: 1, Batch: 568, Loss: 0.6290, Elapsed: 15m11s
Epoch: 1, Batch: 569, Loss: 0.5860, Elapsed: 9m3s
Epoch: 1, Batch: 570, Loss: 0.6178, Elapsed: 14m51s
Epoch: 1, Batch: 571, Loss: 0.6028, Elapsed: 10m48s
Epoch: 1, Batch: 572, Loss: 0.5690, Elapsed: 7m36s
Epoch: 1, Batch: 573, Loss: 0.6001, Elapsed: 11m15s
Epoch: 1, Batch: 574, Loss: 0.5871, Elapsed: 10m36s
Epoch: 1, Batch: 575, Loss: 0.5987, Elapsed: 12m30s
Epoch: 1, Batch: 576, Loss: 0.6040, Elapsed: 14m4s
Epoch: 1, Batch: 577, Loss: 0.6096, Elapsed: 11m43s
Epoch: 1, Batch: 578, Loss: 0.6260, Elapsed: 14m2s
Epoch: 1, Batch: 579, Loss: 0.6352, Elapsed: 9m20s
Epoch: 1, Batch: 580, Loss: 0.6238, Elapsed: 15m2s
Epoch: 1, Batch: 581, Loss: 0.6525, Elapsed: 19m42s
Epoch: 1, Batch: 582, Loss: 0.6245, Elapsed: 14m32s
Epoch: 1, Batch: 583, Loss: 0.6313, Elapsed: 7m9s
Epoch: 1, Batch: 584, Loss: 0.6098, Elapsed: 10m21s
Epoch: 1, Batch: 585, Loss: 0.6230, Elapsed: 8m54s
Epoch: 1, Batch: 586, Loss: 0.6569, Elapsed: 14m59s
Epoch: 1, Batch: 587, Loss: 0.6627, Elapsed: 16m54s
Epoch: 1, Batch: 588, Loss: 0.6156, Elapsed: 13m33s
Epoch: 1, Batch: 589, Loss: 0.6248, Elapsed: 13m6s
Epoch: 1, Batch: 590, Loss: 0.6043, Elapsed: 9m41s
Epoch: 1, Batch: 591, Loss: 0.6189, Elapsed: 9m59s
Epoch: 1, Batch: 592, Loss: 0.5933, Elapsed: 9m15s
Epoch: 1, Batch: 593, Loss: 0.6064, Elapsed: 11m59s
Epoch: 1, Batch: 594, Loss: 0.6468, Elapsed: 10m58s
Epoch: 1, Batch: 595, Loss: 0.6147, Elapsed: 9m26s
Epoch: 1, Batch: 596, Loss: 0.6204, Elapsed: 13m42s
Epoch: 1, Batch: 597, Loss: 0.5943, Elapsed: 10m25s
Epoch: 1, Batch: 598, Loss: 0.6544, Elapsed: 16m32s
Epoch: 1, Batch: 599, Loss: 0.6392, Elapsed: 13m58s
Epoch: 1, Batch: 600, Loss: 0.6217, Elapsed: 8m23s
Epoch: 1, Batch: 601, Loss: 0.5963, Elapsed: 8m52s
Epoch: 1, Batch: 602, Loss: 0.6149, Elapsed: 9m26s
Epoch: 1, Batch: 603, Loss: 0.5984, Elapsed: 10m28s
Epoch: 1, Batch: 604, Loss: 0.6273, Elapsed: 20m7s
Epoch: 1, Batch: 605, Loss: 0.6248, Elapsed: 9m43s
Epoch: 1, Batch: 606, Loss: 0.6329, Elapsed: 16m48s
Epoch: 1, Batch: 607, Loss: 0.6102, Elapsed: 14m40s
Epoch: 1, Batch: 608, Loss: 0.6231, Elapsed: 18m45s
Epoch: 1, Batch: 609, Loss: 0.6259, Elapsed: 18m55s
Epoch: 1, Batch: 610, Loss: 0.6158, Elapsed: 15m1s
Epoch: 1, Batch: 611, Loss: 0.5436, Elapsed: 8m18s
Epoch: 1, Batch: 612, Loss: 0.6055, Elapsed: 15m23s
Epoch: 1, Batch: 613, Loss: 0.6158, Elapsed: 17m8s
Epoch: 1, Batch: 614, Loss: 0.6327, Elapsed: 16m45s
Epoch: 1, Batch: 615, Loss: 0.5804, Elapsed: 17m36s
Epoch: 1, Batch: 616, Loss: 0.6099, Elapsed: 10m1s
Epoch: 1, Batch: 617, Loss: 0.6279, Elapsed: 21m4s
Epoch: 1, Batch: 618, Loss: 0.6376, Elapsed: 19m5s
Epoch: 1, Batch: 619, Loss: 0.6762, Elapsed: 20m18s
Epoch: 1, Batch: 620, Loss: 0.6150, Elapsed: 10m31s
Epoch: 1, Batch: 621, Loss: 0.6413, Elapsed: 21m20s
Epoch: 1, Batch: 622, Loss: 0.6619, Elapsed: 22m17s
Epoch: 1, Batch: 623, Loss: 0.6140, Elapsed: 13m29s
Epoch: 1, Batch: 624, Loss: 0.6382, Elapsed: 26m22s
Epoch: 1, Batch: 625, Loss: 0.5561, Elapsed: 10m39s
Epoch: 1, Batch: 626, Loss: 0.6311, Elapsed: 14m26s
Epoch: 1, Batch: 627, Loss: 0.5977, Elapsed: 20m24s
Epoch: 1, Batch: 628, Loss: 0.5966, Elapsed: 18m37s
Epoch: 1, Batch: 629, Loss: 0.5908, Elapsed: 11m24s
Epoch: 1, Batch: 630, Loss: 0.6504, Elapsed: 27m24s
Epoch: 1, Batch: 631, Loss: 0.6373, Elapsed: 14m26s
Epoch: 1, Batch: 632, Loss: 0.6426, Elapsed: 23m44s
Epoch: 1, Batch: 633, Loss: 0.6266, Elapsed: 15m38s
Epoch: 1, Batch: 634, Loss: 0.5876, Elapsed: 14m15s
Epoch: 1, Batch: 635, Loss: 0.6210, Elapsed: 17m58s
Epoch: 1, Batch: 636, Loss: 0.6339, Elapsed: 23m40s
Epoch: 1, Batch: 637, Loss: 0.6593, Elapsed: 21m40s
Epoch: 1, Batch: 638, Loss: 0.6253, Elapsed: 16m57s
Epoch: 1, Batch: 639, Loss: 0.6156, Elapsed: 13m57s
Epoch: 1, Batch: 640, Loss: 0.5625, Elapsed: 11m16s
Epoch: 1, Batch: 641, Loss: 0.6314, Elapsed: 20m55s
Epoch: 1, Batch: 642, Loss: 0.6472, Elapsed: 18m45s
Epoch: 1, Batch: 643, Loss: 0.5924, Elapsed: 13m12s
Epoch: 1, Batch: 644, Loss: 0.5424, Elapsed: 8m48s
Epoch: 1, Batch: 645, Loss: 0.5766, Elapsed: 17m14s
Epoch: 1, Batch: 646, Loss: 0.6274, Elapsed: 19m33s
Epoch: 1, Batch: 647, Loss: 0.6239, Elapsed: 21m20s
Epoch: 1, Batch: 648, Loss: 0.5732, Elapsed: 15m23s
Epoch: 1, Batch: 649, Loss: 0.6540, Elapsed: 17m55s
Epoch: 1, Batch: 650, Loss: 0.6272, Elapsed: 17m19s
Epoch: 1, Batch: 651, Loss: 0.6475, Elapsed: 8m35s
Epoch: 1, Batch: 652, Loss: 0.6606, Elapsed: 11m43s
Epoch: 1, Batch: 653, Loss: 0.6165, Elapsed: 21m36s
Epoch: 1, Batch: 654, Loss: 0.5871, Elapsed: 8m45s
Epoch: 1, Batch: 655, Loss: 0.6118, Elapsed: 17m34s
Epoch: 1, Batch: 656, Loss: 0.6347, Elapsed: 11m36s
Epoch: 1, Batch: 657, Loss: 0.6317, Elapsed: 12m11s
Epoch: 1, Batch: 658, Loss: 0.5960, Elapsed: 6m7s
Epoch: 1, Batch: 659, Loss: 0.5930, Elapsed: 11m45s
Epoch: 1, Batch: 660, Loss: 0.6146, Elapsed: 12m9s
Epoch: 1, Batch: 661, Loss: 0.5565, Elapsed: 8m18s
Epoch: 1, Batch: 662, Loss: 0.5902, Elapsed: 11m4s
Epoch: 1, Batch: 663, Loss: 0.6122, Elapsed: 8m29s
Epoch: 1, Batch: 664, Loss: 0.5900, Elapsed: 14m9s
Epoch: 1, Batch: 665, Loss: 0.6243, Elapsed: 13m40s
Epoch: 1, Batch: 666, Loss: 0.6305, Elapsed: 9m27s
Epoch: 1, Batch: 667, Loss: 0.6040, Elapsed: 10m6s
Epoch: 1, Batch: 668, Loss: 0.6048, Elapsed: 13m26s
Epoch: 1, Batch: 669, Loss: 0.5895, Elapsed: 10m30s
Epoch: 1, Batch: 670, Loss: 0.6047, Elapsed: 9m22s
Epoch: 1, Batch: 671, Loss: 0.6478, Elapsed: 14m54s
Epoch: 1, Batch: 672, Loss: 0.6087, Elapsed: 13m14s
Epoch: 1, Batch: 673, Loss: 0.6202, Elapsed: 11m38s
Epoch: 1, Batch: 674, Loss: 0.5979, Elapsed: 7m57s
Epoch: 1, Batch: 675, Loss: 0.5684, Elapsed: 9m56s
Epoch: 1, Batch: 676, Loss: 0.5577, Elapsed: 4m34s
Epoch: 1, Batch: 677, Loss: 0.6355, Elapsed: 12m18s
Epoch: 1, Batch: 678, Loss: 0.6022, Elapsed: 11m51s
Epoch: 1, Batch: 679, Loss: 0.6248, Elapsed: 6m42s
Epoch: 1, Batch: 680, Loss: 0.6187, Elapsed: 16m17s
Epoch: 1, Batch: 681, Loss: 0.5800, Elapsed: 10m3s
Epoch: 1, Batch: 682, Loss: 0.6129, Elapsed: 13m10s
Epoch: 1, Batch: 683, Loss: 0.6193, Elapsed: 11m38s
Epoch: 1, Batch: 684, Loss: 0.6083, Elapsed: 10m44s
Epoch: 1, Batch: 685, Loss: 0.6041, Elapsed: 7m49s
Epoch: 1, Batch: 686, Loss: 0.6379, Elapsed: 18m26s
Epoch: 1, Batch: 687, Loss: 0.6166, Elapsed: 12m55s
Epoch: 1, Batch: 688, Loss: 0.6460, Elapsed: 15m43s
Epoch: 1, Batch: 689, Loss: 0.6147, Elapsed: 15m47s
Epoch: 1, Batch: 690, Loss: 0.5937, Elapsed: 14m12s
Epoch: 1, Batch: 691, Loss: 0.6383, Elapsed: 16m26s
Epoch: 1, Batch: 692, Loss: 0.5881, Elapsed: 15m47s
Epoch: 1, Batch: 693, Loss: 0.6336, Elapsed: 12m17s
Epoch: 1, Batch: 694, Loss: 0.5994, Elapsed: 11m9s
Epoch: 1, Batch: 695, Loss: 0.6368, Elapsed: 11m9s
Epoch: 1, Batch: 696, Loss: 0.6138, Elapsed: 17m42s
Epoch: 1, Batch: 697, Loss: 0.5376, Elapsed: 7m18s
Epoch: 1, Batch: 698, Loss: 0.6030, Elapsed: 18m21s
Epoch: 1, Batch: 699, Loss: 0.6374, Elapsed: 19m11s
Epoch: 1, Batch: 700, Loss: 0.6136, Elapsed: 19m6s
Epoch: 1, Batch: 701, Loss: 0.6284, Elapsed: 20m23s
Epoch: 1, Batch: 702, Loss: 0.5873, Elapsed: 10m47s
Epoch: 1, Batch: 703, Loss: 0.6002, Elapsed: 11m2s
Epoch: 1, Batch: 704, Loss: 0.6313, Elapsed: 12m54s
Epoch: 1, Batch: 705, Loss: 0.5889, Elapsed: 15m18s
Epoch: 1, Batch: 706, Loss: 0.6291, Elapsed: 18m5s
Epoch: 1, Batch: 707, Loss: 0.6113, Elapsed: 17m36s
Epoch: 1, Batch: 708, Loss: 0.6362, Elapsed: 12m46s
Epoch: 1, Batch: 709, Loss: 0.5914, Elapsed: 16m44s
Epoch: 1, Batch: 710, Loss: 0.6058, Elapsed: 12m46s
Epoch: 1, Batch: 711, Loss: 0.5849, Elapsed: 13m28s
Epoch: 1, Batch: 712, Loss: 0.6817, Elapsed: 40m3s
Epoch: 1, Batch: 713, Loss: 0.6023, Elapsed: 9m11s
Epoch: 1, Batch: 714, Loss: 0.6005, Elapsed: 10m23s
Epoch: 1, Batch: 715, Loss: 0.5923, Elapsed: 10m56s
Epoch: 1, Batch: 716, Loss: 0.6126, Elapsed: 10m35s
Epoch: 1, Batch: 717, Loss: 0.7273, Elapsed: 16m58s
Epoch: 1, Batch: 718, Loss: 0.5955, Elapsed: 9m7s
Epoch: 1, Batch: 719, Loss: 0.6149, Elapsed: 16m7s
Epoch: 1, Batch: 720, Loss: 0.6025, Elapsed: 10m12s
Epoch: 1, Batch: 721, Loss: 0.6350, Elapsed: 16m4s
Epoch: 1, Batch: 722, Loss: 0.6152, Elapsed: 15m48s
Epoch: 1, Batch: 723, Loss: 0.5734, Elapsed: 13m39s
Epoch: 1, Batch: 724, Loss: 0.5736, Elapsed: 11m11s
Epoch: 1, Batch: 725, Loss: 0.6082, Elapsed: 14m2s
Epoch: 1, Batch: 726, Loss: 0.6468, Elapsed: 24m12s
Epoch: 1, Batch: 727, Loss: 0.5895, Elapsed: 10m53s
Epoch: 1, Batch: 728, Loss: 0.6367, Elapsed: 27m29s
Epoch: 1, Batch: 729, Loss: 0.6128, Elapsed: 16m43s
Epoch: 1, Batch: 730, Loss: 0.6173, Elapsed: 20m29s
Epoch: 1, Batch: 731, Loss: 0.5758, Elapsed: 18m46s
Epoch: 1, Batch: 732, Loss: 0.6056, Elapsed: 15m47s
Epoch: 1, Batch: 733, Loss: 0.6390, Elapsed: 21m23s
Epoch: 1, Batch: 734, Loss: 0.6410, Elapsed: 20m59s
Epoch: 1, Batch: 735, Loss: 0.5915, Elapsed: 15m19s
Epoch: 1, Batch: 736, Loss: 0.6119, Elapsed: 15m7s
Epoch: 1, Batch: 737, Loss: 0.6371, Elapsed: 125m57s
Epoch: 1, Batch: 738, Loss: 0.5974, Elapsed: 77m10s
Epoch: 1, Batch: 739, Loss: 0.5492, Elapsed: 54m15s
Epoch: 1, Batch: 740, Loss: 0.5839, Elapsed: 51m7s
Epoch: 1, Batch: 741, Loss: 0.6128, Elapsed: 127m32s
Epoch: 1, Batch: 742, Loss: 0.6132, Elapsed: 130m44s
Epoch: 1, Batch: 743, Loss: 0.6018, Elapsed: 111m35s
Epoch: 1, Batch: 744, Loss: 0.6083, Elapsed: 73m16s
Epoch: 1, Batch: 745, Loss: 0.5938, Elapsed: 79m9s
Epoch: 1, Batch: 746, Loss: 0.5830, Elapsed: 81m5s
Epoch: 1, Batch: 747, Loss: 0.6070, Elapsed: 74m24s
Epoch: 1, Batch: 748, Loss: 0.5827, Elapsed: 100m28s
Epoch: 1, Batch: 749, Loss: 0.5695, Elapsed: 70m49s
Epoch: 1, Batch: 750, Loss: 0.5663, Elapsed: 90m12s
Epoch: 1, Batch: 751, Loss: 0.6421, Elapsed: 97m17s
Epoch: 1, Batch: 752, Loss: 0.6254, Elapsed: 90m53s
Epoch: 1, Batch: 753, Loss: 0.5805, Elapsed: 89m14s
Epoch: 1, Batch: 754, Loss: 0.6323, Elapsed: 114m46s
Epoch: 1, Batch: 755, Loss: 0.6559, Elapsed: 132m48s
Epoch: 1, Batch: 756, Loss: 0.5926, Elapsed: 86m0s
